datetime,timestamp,open,high,low,close
2026-04-03 00:00:00,1775174400,34187.9671,34484.2779,34078.0477,34392.6118
2026-04-03 01:00:00,1775178000,34387.6547,34596.4020,34299.8855,34399.8250
2026-04-03 02:00:00,1775181600,34403.1014,34606.3003,34203.7726,34574.5385
2026-04-03 03:00:00,1775185200,34575.3812,34956.2976,34442.4290,34902.5124
2026-04-03 04:00:00,1775188800,34907.5447,34949.8112,34554.2101,34765.2777
2026-04-03 05:00:00,1775192400,34769.4137,34856.9835,34538.8926,34735.7753
2026-04-03 06:00:00,1775196000,34738.8616,34863.6847,34392.9601,34448.3340
2026-04-03 07:00:00,1775199600,34445.8470,34707.3233,34143.6315,34698.4096
2026-04-03 08:00:00,1775203200,34698.6740,34763.1464,34236.7850,34396.1112
2026-04-03 09:00:00,1775206800,34392.8930,34657.5472,34360.8480,34485.5684
2026-04-03 10:00:00,1775210400,34484.2498,34554.1880,34159.2132,34213.7322
2026-04-03 11:00:00,1775214000,34221.5473,34436.5746,34038.5073,34054.8741
2026-04-03 12:00:00,1775217600,34058.9614,34466.0209,34041.5838,34362.1772
2026-04-03 13:00:00,1775221200,34370.7863,34908.3931,34361.9674,34765.4788
2026-04-03 14:00:00,1775224800,34766.8675,34779.0259,34173.0777,34229.5365
2026-04-03 15:00:00,1775228400,34216.1764,34279.8530,33864.7683,33868.8793
2026-04-03 16:00:00,1775232000,33862.7432,34074.4813,33722.2818,34010.2331
2026-04-03 17:00:00,1775235600,34010.1546,34142.7960,33922.8557,34010.4862
2026-04-03 18:00:00,1775239200,34009.9480,34244.8280,33956.3418,34139.1482
2026-04-03 19:00:00,1775242800,34138.8134,34194.8581,33838.1073,33892.1866
2026-04-03 20:00:00,1775246400,33896.0363,34161.9617,33715.2111,33772.7843
2026-04-03 21:00:00,1775250000,33771.5406,34155.1928,33581.6894,34000.9258
2026-04-03 22:00:00,1775253600,34003.3780,34144.3645,33576.4397,33658.2113
2026-04-03 23:00:00,1775257200,33659.2496,33827.2116,33632.9557,33797.4767
2026-04-04 00:00:00,1775260800,33790.0536,34026.0445,33708.8339,33867.3592
2026-04-04 01:00:00,1775264400,33868.3304,34176.9349,33839.6422,33963.3959
2026-04-04 02:00:00,1775268000,33973.6816,34191.7957,33838.4645,33988.9255
2026-04-04 03:00:00,1775271600,33983.1328,34342.6479,33927.7757,34331.7247
2026-04-04 04:00:00,1775275200,34328.9786,34601.5907,34212.6607,34482.4415
2026-04-04 05:00:00,1775278800,34479.8348,34479.8348,34195.3436,34333.0235
2026-04-04 06:00:00,1775282400,34342.4381,34546.1036,34239.6627,34457.6476
2026-04-04 07:00:00,1775286000,34453.8691,34471.3674,34217.5507,34222.5686
2026-04-04 08:00:00,1775289600,34231.1026,34300.0933,34014.7341,34046.3080
2026-04-04 09:00:00,1775293200,34050.0327,34091.8171,33758.7340,33956.1154
2026-04-04 10:00:00,1775296800,33959.4078,34114.0723,33862.3352,33907.4666
2026-04-04 11:00:00,1775300400,33914.2090,34004.1346,33610.1056,33721.7016
2026-04-04 12:00:00,1775304000,33729.8162,34047.5929,33649.0858,33649.0858
2026-04-04 13:00:00,1775307600,33641.9961,33843.8641,33521.4752,33728.2018
2026-04-04 14:00:00,1775311200,33714.0892,33964.5815,33604.4522,33804.4226
2026-04-04 15:00:00,1775314800,33799.4577,33876.5005,33539.2699,33584.6254
2026-04-04 16:00:00,1775318400,33578.8076,33827.9162,33475.2767,33785.7303
2026-04-04 17:00:00,1775322000,33791.1813,34019.3989,33755.8907,33833.1965
2026-04-04 18:00:00,1775325600,33829.5559,34048.2197,33649.4148,33967.1540
2026-04-04 19:00:00,1775329200,33970.4822,34188.7519,33676.7564,33814.0009
2026-04-04 20:00:00,1775332800,33816.0301,34177.2490,33657.4233,33672.7555
2026-04-04 21:00:00,1775336400,33674.9527,33916.7728,33491.9981,33607.8149
2026-04-04 22:00:00,1775340000,33605.8513,34215.2963,33526.0014,34108.5830
2026-04-04 23:00:00,1775343600,34125.3137,34279.6110,33944.5229,34161.2994
2026-04-05 00:00:00,1775347200,34171.1644,34272.6901,33841.4469,33963.4497
2026-04-05 01:00:00,1775350800,33955.1783,33987.1852,33579.2486,33661.3139
2026-04-05 02:00:00,1775354400,33665.0450,33759.1949,33447.8088,33543.7728
2026-04-05 03:00:00,1775358000,33548.8401,33669.7054,33353.7648,33437.5612
2026-04-05 04:00:00,1775361600,33426.2076,33995.8289,33388.7980,33750.4397
2026-04-05 05:00:00,1775365200,33756.0396,33919.1916,33634.3147,33853.8945
2026-04-05 06:00:00,1775368800,33850.6348,34079.3056,33765.0248,33968.3075
2026-04-05 07:00:00,1775372400,33966.3800,34096.0822,33650.3418,33909.7965
2026-04-05 08:00:00,1775376000,33896.4030,34153.1240,33738.5091,34064.1521
2026-04-05 09:00:00,1775379600,34057.9516,34078.3039,33374.7605,33374.8044
2026-04-05 10:00:00,1775383200,33380.1057,33433.2317,33009.9400,33275.6463
2026-04-05 11:00:00,1775386800,33270.6145,33407.6753,32911.1963,32956.4804
2026-04-05 12:00:00,1775390400,32950.4858,33224.6603,32737.7586,32793.5593
2026-04-05 13:00:00,1775394000,32797.2382,32941.5958,32680.6486,32774.7978
2026-04-05 14:00:00,1775397600,32770.4218,32953.5284,32665.6389,32911.5637
2026-04-05 15:00:00,1775401200,32904.3655,32951.6908,32462.7796,32940.9486
2026-04-05 16:00:00,1775404800,32938.4929,33069.4042,32557.5270,32739.2538
2026-04-05 17:00:00,1775408400,32732.2884,33097.4594,32701.8142,32725.8527
2026-04-05 18:00:00,1775412000,32718.0363,33087.7331,32681.8738,32841.3818
2026-04-05 19:00:00,1775415600,32842.8522,33319.5792,32814.2829,33258.4134
2026-04-05 20:00:00,1775419200,33263.4910,33345.0209,32950.8118,33029.5507
2026-04-05 21:00:00,1775422800,33033.3331,33320.1404,32974.2041,33032.2764
2026-04-05 22:00:00,1775426400,33025.5118,33196.6182,32891.8750,33153.2438
2026-04-05 23:00:00,1775430000,33151.4515,33369.7444,33107.6918,33141.4666
2026-04-06 00:00:00,1775433600,33140.3398,33155.5137,32823.7276,32913.8043
2026-04-06 01:00:00,1775437200,32912.9843,33090.5977,32791.9342,33004.2902
2026-04-06 02:00:00,1775440800,32998.7303,33455.1958,32909.8205,33410.4600
2026-04-06 03:00:00,1775444400,33417.6464,33442.5445,32963.3894,33080.8956
2026-04-06 04:00:00,1775448000,33077.0377,33092.5352,32662.0456,32843.5454
2026-04-06 05:00:00,1775451600,32849.3808,32931.8473,32530.4795,32530.4795
2026-04-06 06:00:00,1775455200,32524.5431,32761.8717,32512.9165,32651.6308
2026-04-06 07:00:00,1775458800,32650.8584,32663.6514,32377.4094,32581.8519
2026-04-06 08:00:00,1775462400,32579.6287,32826.2444,32380.1521,32773.1907
2026-04-06 09:00:00,1775466000,32770.8364,33161.1695,32702.9449,32750.4087
2026-04-06 10:00:00,1775469600,32753.1403,32889.5264,32618.6407,32877.1745
2026-04-06 11:00:00,1775473200,32881.9558,33397.2846,32782.8955,33379.8998
2026-04-06 12:00:00,1775476800,33383.0175,33759.8418,33191.1725,33756.5920
2026-04-06 13:00:00,1775480400,33765.6569,34200.1207,33764.5098,34071.5756
2026-04-06 14:00:00,1775484000,34064.1172,34202.1668,33863.9172,33965.9592
2026-04-06 15:00:00,1775487600,33967.8334,34635.6345,33958.2204,34601.4073
2026-04-06 16:00:00,1775491200,34599.0899,35005.4667,34468.3458,34890.5896
2026-04-06 17:00:00,1775494800,34887.1444,35036.8861,34728.2042,34879.5882
2026-04-06 18:00:00,1775498400,34881.6741,34929.0022,34634.9806,34762.0227
2026-04-06 19:00:00,1775502000,34765.5696,34837.8664,34248.5097,34346.1767
2026-04-06 20:00:00,1775505600,34353.8080,34733.3355,34267.6410,34272.3427
2026-04-06 21:00:00,1775509200,34273.1001,34570.8832,34202.6297,34315.2080
2026-04-06 22:00:00,1775512800,34316.2860,34600.4412,34198.9001,34455.9252
2026-04-06 23:00:00,1775516400,34457.7932,34543.5689,34288.4370,34419.4471
2026-04-07 00:00:00,1775520000,34415.4321,34480.7133,34198.0305,34324.9231
2026-04-07 01:00:00,1775523600,34323.3629,34500.9325,34018.5917,34018.5917
2026-04-07 02:00:00,1775527200,34015.4618,34021.0828,33668.7682,33668.7682
2026-04-07 03:00:00,1775530800,33666.7777,33764.1134,33290.4621,33764.1134
2026-04-07 04:00:00,1775534400,33771.9693,33848.8347,33557.5716,33646.0527
2026-04-07 05:00:00,1775538000,33643.4898,33849.7700,33304.1121,33342.2856
2026-04-07 06:00:00,1775541600,33333.2195,33415.7779,33083.1360,33153.1334
2026-04-07 07:00:00,1775545200,33147.4675,33161.4896,32771.2549,32974.3576
2026-04-07 08:00:00,1775548800,32979.0274,33188.6847,32930.5711,33156.2686
2026-04-07 09:00:00,1775552400,33147.4533,33147.4533,32499.9529,32625.2446
2026-04-07 10:00:00,1775556000,32625.2882,33032.5562,32537.0882,33023.4511
2026-04-07 11:00:00,1775559600,33024.6381,33070.4007,32800.5897,32843.5661
2026-04-07 12:00:00,1775563200,32836.9060,33105.5860,32716.9816,32936.3238
2026-04-07 13:00:00,1775566800,32934.9833,33288.4981,32934.9833,33157.6091
2026-04-07 14:00:00,1775570400,33163.7337,33385.4385,33048.7707,33344.6473
2026-04-07 15:00:00,1775574000,33346.0553,33453.3843,33027.7747,33053.6721
2026-04-07 16:00:00,1775577600,33040.0680,33188.9296,32812.8257,32812.8257
2026-04-07 17:00:00,1775581200,32813.1409,33176.1773,32793.0817,33083.1300
2026-04-07 18:00:00,1775584800,33091.0283,33172.6990,32803.1643,32871.5739
2026-04-07 19:00:00,1775588400,32877.6885,33223.4245,32777.0986,33058.3457
2026-04-07 20:00:00,1775592000,33058.2137,33593.9959,33021.9657,33533.1301
2026-04-07 21:00:00,1775595600,33531.6662,33872.1032,33473.7108,33701.7235
2026-04-07 22:00:00,1775599200,33709.1885,33829.4607,33418.8199,33742.5699
2026-04-07 23:00:00,1775602800,33748.4103,34027.2232,33696.8658,33758.4582
2026-04-08 00:00:00,1775606400,33754.8281,33844.2250,33453.6013,33556.8523
2026-04-08 01:00:00,1775610000,33551.6620,33764.1917,33323.1173,33516.4758
2026-04-08 02:00:00,1775613600,33528.8502,33592.8243,33191.5415,33228.1150
2026-04-08 03:00:00,1775617200,33225.8564,33321.2388,32987.7172,33090.1373
2026-04-08 04:00:00,1775620800,33091.1104,33266.6430,32893.0090,32923.3355
2026-04-08 05:00:00,1775624400,32921.9502,33047.3935,32752.9813,32992.1754
2026-04-08 06:00:00,1775628000,32991.9531,33164.9905,32687.9786,32704.5230
2026-04-08 07:00:00,1775631600,32704.6888,32804.9484,32399.4769,32598.5288
2026-04-08 08:00:00,1775635200,32607.1861,32706.8693,32224.4672,32271.2767
2026-04-08 09:00:00,1775638800,32277.9830,32415.4794,32042.2482,32153.2933
2026-04-08 10:00:00,1775642400,32146.7795,32362.5243,32087.0218,32226.9196
2026-04-08 11:00:00,1775646000,32216.6548,32584.3869,32077.3360,32413.2655
2026-04-08 12:00:00,1775649600,32413.2912,32423.9308,32044.5492,32268.2488
2026-04-08 13:00:00,1775653200,32268.2996,32481.7782,32221.9450,32396.3385
2026-04-08 14:00:00,1775656800,32392.3503,32565.4112,31917.2632,32099.6694
2026-04-08 15:00:00,1775660400,32103.7947,32313.1286,31844.1652,31988.4937
2026-04-08 16:00:00,1775664000,31988.8127,32129.2302,31660.9149,31703.7695
2026-04-08 17:00:00,1775667600,31701.3784,31737.4370,31464.8790,31544.5204
2026-04-08 18:00:00,1775671200,31538.6003,31666.0343,31094.9477,31158.6436
2026-04-08 19:00:00,1775674800,31154.2867,31392.4951,31012.8182,31199.7337
2026-04-08 20:00:00,1775678400,31198.7289,31198.7289,30366.2378,30436.4209
2026-04-08 21:00:00,1775682000,30441.9052,30741.1367,30357.8993,30634.6964
2026-04-08 22:00:00,1775685600,30635.1880,30874.7082,30594.9697,30718.7414
2026-04-08 23:00:00,1775689200,30720.7772,30870.0753,30659.0104,30805.4708
2026-04-09 00:00:00,1775692800,30803.2576,30875.9336,30306.5551,30462.8120
2026-04-09 01:00:00,1775696400,30467.1165,30843.8813,30377.2344,30842.4068
2026-04-09 02:00:00,1775700000,30848.5430,30930.6657,30695.5129,30846.2806
2026-04-09 03:00:00,1775703600,30845.0775,30884.1490,30464.8810,30495.2963
2026-04-09 04:00:00,1775707200,30495.3056,30677.5530,30463.5310,30529.5704
2026-04-09 05:00:00,1775710800,30529.7347,30742.9088,30445.3338,30527.6689
2026-04-09 06:00:00,1775714400,30529.2816,30556.5637,30248.1227,30378.6123
2026-04-09 07:00:00,1775718000,30376.5756,30461.0057,29896.2571,30011.4454
2026-04-09 08:00:00,1775721600,30015.8967,30438.7916,29858.6577,30420.3616
2026-04-09 09:00:00,1775725200,30423.6818,30627.2592,30349.0749,30469.6058
2026-04-09 10:00:00,1775728800,30466.9214,30767.4218,30398.9964,30761.3434
2026-04-09 11:00:00,1775732400,30754.7082,31267.2182,30693.0850,31215.2816
2026-04-09 12:00:00,1775736000,31224.2538,31314.7929,30918.8255,31145.0263
2026-04-09 13:00:00,1775739600,31146.9637,31464.6074,31092.1444,31385.5649
2026-04-09 14:00:00,1775743200,31386.3073,31700.0449,31247.7284,31684.8097
2026-04-09 15:00:00,1775746800,31692.3079,31860.6106,31538.7357,31635.7522
2026-04-09 16:00:00,1775750400,31637.9566,31718.1818,31529.7281,31644.0479
2026-04-09 17:00:00,1775754000,31631.8680,31688.8251,31422.3868,31482.1363
2026-04-09 18:00:00,1775757600,31486.4535,31986.3334,31362.4087,31888.1519
2026-04-09 19:00:00,1775761200,31887.1356,32226.7272,31850.8576,32104.0535
2026-04-09 20:00:00,1775764800,32098.4398,32268.7642,31892.8497,31946.2707
2026-04-09 21:00:00,1775768400,31954.9187,32598.7844,31909.1513,32494.5994
2026-04-09 22:00:00,1775772000,32488.2868,32813.6973,32417.9889,32774.1426
2026-04-09 23:00:00,1775775600,32769.3005,32877.3632,32541.1841,32770.2650
2026-04-10 00:00:00,1775779200,32758.5702,32968.7350,32673.1547,32855.5964
2026-04-10 01:00:00,1775782800,32862.9623,33049.8710,32647.7777,33031.8242
2026-04-10 02:00:00,1775786400,33031.7710,33188.7708,32719.5057,32719.5057
2026-04-10 03:00:00,1775790000,32724.9047,32833.8357,32466.1372,32743.9531
2026-04-10 04:00:00,1775793600,32754.5389,32956.7294,32666.0316,32704.1735
2026-04-10 05:00:00,1775797200,32710.3172,32716.3773,32481.3548,32611.8118
2026-04-10 06:00:00,1775800800,32610.0655,33064.0498,32436.0687,33023.6895
2026-04-10 07:00:00,1775804400,33022.0475,33208.7535,32791.9628,32805.3381
2026-04-10 08:00:00,1775808000,32806.5816,32903.8711,32561.8008,32766.0330
2026-04-10 09:00:00,1775811600,32766.3313,33260.3504,32757.3904,33237.4797
2026-04-10 10:00:00,1775815200,33238.2230,33518.2300,33118.5638,33429.9230
2026-04-10 11:00:00,1775818800,33432.1222,33651.9030,33239.0472,33429.0549
2026-04-10 12:00:00,1775822400,33432.1517,33484.3874,33079.9748,33370.2664
2026-04-10 13:00:00,1775826000,33358.1448,33534.0473,33077.8904,33114.7597
2026-04-10 14:00:00,1775829600,33117.8014,33192.9516,32815.8740,32926.9973
2026-04-10 15:00:00,1775833200,32926.0073,33045.1303,32769.5975,32909.0278
2026-04-10 16:00:00,1775836800,32914.5939,32962.4651,32596.5797,32767.6375
2026-04-10 17:00:00,1775840400,32768.4244,33048.8206,32658.8968,33040.7756
2026-04-10 18:00:00,1775844000,33038.8001,33111.6239,32799.4121,33056.5259
2026-04-10 19:00:00,1775847600,33045.2827,33335.4685,32979.3089,33198.5502
2026-04-10 20:00:00,1775851200,33195.2936,33273.6030,32710.8943,32846.1238
2026-04-10 21:00:00,1775854800,32842.2937,33503.9255,32770.2234,33476.6741
2026-04-10 22:00:00,1775858400,33487.0687,33798.3404,33324.2176,33737.1149
2026-04-10 23:00:00,1775862000,33735.4718,33743.8419,33102.6521,33109.1367
2026-04-11 00:00:00,1775865600,33097.8863,33267.1121,33047.3968,33210.6564
2026-04-11 01:00:00,1775869200,33216.3714,33266.9982,33023.5325,33196.9106
2026-04-11 02:00:00,1775872800,33180.3840,33595.4188,33016.7992,33541.9888
2026-04-11 03:00:00,1775876400,33542.8562,34153.9138,33464.4363,34070.5835
2026-04-11 04:00:00,1775880000,34069.6291,34355.7027,33958.0219,34075.1024
2026-04-11 05:00:00,1775883600,34071.7966,34242.7972,33811.6960,33955.2725
2026-04-11 06:00:00,1775887200,33956.3814,34097.6049,33666.1969,33680.6951
2026-04-11 07:00:00,1775890800,33661.9569,33754.6799,33302.7608,33621.2991
2026-04-11 08:00:00,1775894400,33635.6423,33702.3742,33275.3649,33275.3649
2026-04-11 09:00:00,1775898000,33269.8321,33552.5214,33200.1904,33318.0692
2026-04-11 10:00:00,1775901600,33318.5055,33531.3060,33283.5694,33488.4749
2026-04-11 11:00:00,1775905200,33482.3707,33638.9177,33231.7695,33333.8403
2026-04-11 12:00:00,1775908800,33341.2291,33478.2659,33016.7926,33025.7253
2026-04-11 13:00:00,1775912400,33021.5119,33503.4027,33001.5153,33399.4929
2026-04-11 14:00:00,1775916000,33396.9855,33632.9129,33318.2440,33481.3872
2026-04-11 15:00:00,1775919600,33486.8423,33778.8045,33440.8054,33695.4441
2026-04-11 16:00:00,1775923200,33702.6156,34118.1417,33577.0332,34076.0804
2026-04-11 17:00:00,1775926800,34067.4828,34171.2259,33635.2253,33714.8595
2026-04-11 18:00:00,1775930400,33707.7722,33909.6104,33661.7014,33720.8069
2026-04-11 19:00:00,1775934000,33724.6805,33805.2450,33280.7809,33477.8035
2026-04-11 20:00:00,1775937600,33469.3743,33831.2889,33436.5885,33797.6091
2026-04-11 21:00:00,1775941200,33806.7915,33928.1177,33464.9575,33549.3811
2026-04-11 22:00:00,1775944800,33550.3262,33645.0868,33303.2943,33460.3680
2026-04-11 23:00:00,1775948400,33468.8566,33498.8012,32922.6921,33089.7227
2026-04-12 00:00:00,1775952000,33095.9938,33181.0606,32883.8081,32965.8031
2026-04-12 01:00:00,1775955600,32971.6359,33196.8461,32860.1101,33070.3696
2026-04-12 02:00:00,1775959200,33067.5880,33265.0584,32975.0898,33127.8299
2026-04-12 03:00:00,1775962800,33133.8436,33186.5787,32819.8626,33114.5698
2026-04-12 04:00:00,1775966400,33106.5719,33424.5905,33052.1847,33236.8301
2026-04-12 05:00:00,1775970000,33242.7017,33391.0825,32995.2174,33295.8039
2026-04-12 06:00:00,1775973600,33281.8379,33632.1688,33266.2249,33323.4885
2026-04-12 07:00:00,1775977200,33322.9003,33729.7007,33235.2496,33345.9850
2026-04-12 08:00:00,1775980800,33347.2704,33405.0431,33037.3984,33290.7030
2026-04-12 09:00:00,1775984400,33281.5773,33443.8257,33141.3624,33199.2175
2026-04-12 10:00:00,1775988000,33198.7691,33352.7571,32956.5042,33218.1300
2026-04-12 11:00:00,1775991600,33227.4528,33464.2419,33118.6246,33360.4661
2026-04-12 12:00:00,1775995200,33364.4873,33880.6702,33340.6583,33726.4142
2026-04-12 13:00:00,1775998800,33726.4846,34040.7325,33698.6540,34026.7941
2026-04-12 14:00:00,1776002400,34022.3633,34096.8228,33855.4283,33898.7188
2026-04-12 15:00:00,1776006000,33890.8125,33935.6436,33505.3334,33507.2217
2026-04-12 16:00:00,1776009600,33498.7478,33988.8837,33461.4309,33695.5682
2026-04-12 17:00:00,1776013200,33700.6797,33940.0145,33438.2815,33922.6098
2026-04-12 18:00:00,1776016800,33922.1286,34141.3863,33782.1714,33797.0515
2026-04-12 19:00:00,1776020400,33799.4031,33928.7044,33536.0286,33618.8552
2026-04-12 20:00:00,1776024000,33618.3742,34257.3618,33498.4536,34167.3066
2026-04-12 21:00:00,1776027600,34175.4604,34358.4945,34090.9616,34303.4534
2026-04-12 22:00:00,1776031200,34303.6638,34603.1964,34285.8608,34497.3488
2026-04-12 23:00:00,1776034800,34495.3724,34510.6816,34200.3997,34200.3997
2026-04-13 00:00:00,1776038400,34195.6173,34702.3905,34161.3263,34606.2560
2026-04-13 01:00:00,1776042000,34614.6911,35017.9826,34567.6044,35003.0757
2026-04-13 02:00:00,1776045600,34991.0718,35237.9061,34908.9241,35108.4692
2026-04-13 03:00:00,1776049200,35104.4141,35402.9272,35104.4141,35269.5520
2026-04-13 04:00:00,1776052800,35275.4405,35413.1347,35012.2169,35393.1214
2026-04-13 05:00:00,1776056400,35396.4708,35410.3255,35206.4120,35320.1119
2026-04-13 06:00:00,1776060000,35319.3281,35792.2972,35190.6055,35474.7411
2026-04-13 07:00:00,1776063600,35476.8470,35533.1894,35054.0647,35166.4132
2026-04-13 08:00:00,1776067200,35162.2327,35410.0326,34473.1830,34520.6275
2026-04-13 09:00:00,1776070800,34520.5214,34627.4928,34340.1752,34521.1952
2026-04-13 10:00:00,1776074400,34529.6262,34792.5855,34324.5834,34678.9523
2026-04-13 11:00:00,1776078000,34686.4911,34751.6660,34489.3359,34684.0793
2026-04-13 12:00:00,1776081600,34677.9565,34677.9565,34087.0556,34159.4819
2026-04-13 13:00:00,1776085200,34161.5369,34632.5851,34115.4238,34583.5049
2026-04-13 14:00:00,1776088800,34583.1150,34583.1150,34237.0795,34241.2771
2026-04-13 15:00:00,1776092400,34238.6378,34461.1162,34237.5960,34441.3744
2026-04-13 16:00:00,1776096000,34450.2479,34810.5907,34252.5121,34473.5500
2026-04-13 17:00:00,1776099600,34479.6052,34548.8769,33997.3216,34026.0953
2026-04-13 18:00:00,1776103200,34021.0802,34377.8790,33932.4847,34216.1273
2026-04-13 19:00:00,1776106800,34229.7926,34249.7834,33900.7060,33976.3517
2026-04-13 20:00:00,1776110400,33975.6983,34167.2397,33781.4755,33839.7726
2026-04-13 21:00:00,1776114000,33844.3410,34004.6486,33663.1078,33775.5554
2026-04-13 22:00:00,1776117600,33774.6794,33778.4562,33491.6880,33620.0795
2026-04-13 23:00:00,1776121200,33622.6179,33647.6632,32884.0901,32892.3229
2026-04-14 00:00:00,1776124800,32904.2693,33109.2760,32798.4169,33094.7629
2026-04-14 01:00:00,1776128400,33104.2818,33245.7714,32831.9900,32905.6555
2026-04-14 02:00:00,1776132000,32895.9209,33017.3351,32554.4633,32568.0386
2026-04-14 03:00:00,1776135600,32566.5495,32805.1717,32533.1090,32677.9074
2026-04-14 04:00:00,1776139200,32670.1472,33032.9532,32626.1927,32828.9762
2026-04-14 05:00:00,1776142800,32828.0694,33247.0561,32752.3819,33170.4701
2026-04-14 06:00:00,1776146400,33165.5114,33538.9389,33129.9449,33538.9389
2026-04-14 07:00:00,1776150000,33529.4695,33529.4695,33076.6152,33076.6152
2026-04-14 08:00:00,1776153600,33070.5383,33102.5266,32835.2871,32997.2169
2026-04-14 09:00:00,1776157200,32994.2393,33224.7029,32887.4316,33069.1617
2026-04-14 10:00:00,1776160800,33062.2664,33298.0385,32989.0094,33049.6116
2026-04-14 11:00:00,1776164400,33056.4841,33139.7699,32522.3624,32522.3624
2026-04-14 12:00:00,1776168000,32526.6003,32693.4071,32398.1808,32667.7105
2026-04-14 13:00:00,1776171600,32668.1378,32797.2815,32561.3964,32646.8827
2026-04-14 14:00:00,1776175200,32636.5459,32981.4010,32586.1688,32756.0846
2026-04-14 15:00:00,1776178800,32748.8183,33231.8825,32696.7120,33199.7799
2026-04-14 16:00:00,1776182400,33208.8590,33361.8755,32913.1549,33044.5581
2026-04-14 17:00:00,1776186000,33046.4611,33199.7147,32924.5333,32958.3063
2026-04-14 18:00:00,1776189600,32962.3968,33285.1184,32841.2271,32972.7999
2026-04-14 19:00:00,1776193200,32968.6530,33305.1706,32968.6530,33077.9910
2026-04-14 20:00:00,1776196800,33087.7767,33169.9942,32666.3457,32685.1029
2026-04-14 21:00:00,1776200400,32686.7983,32753.1250,32538.4037,32698.2048
2026-04-14 22:00:00,1776204000,32692.6241,32736.3230,31941.5612,31952.5405
2026-04-14 23:00:00,1776207600,31951.8533,32001.6963,31751.8677,31860.3018
2026-04-15 00:00:00,1776211200,31855.0901,31949.7644,31649.0697,31699.2584
2026-04-15 01:00:00,1776214800,31698.2466,31842.5358,31530.2937,31758.7179
2026-04-15 02:00:00,1776218400,31764.8517,31886.1766,31473.0788,31879.7707
2026-04-15 03:00:00,1776222000,31877.1712,31989.0933,31734.9833,31841.8970
2026-04-15 04:00:00,1776225600,31836.3161,31871.4621,31454.0412,31463.7355
2026-04-15 05:00:00,1776229200,31459.6259,31860.7051,31404.5981,31760.6967
2026-04-15 06:00:00,1776232800,31766.9732,31826.1255,31453.8921,31819.9431
2026-04-15 07:00:00,1776236400,31824.7259,31947.0703,31665.2471,31858.8453
2026-04-15 08:00:00,1776240000,31862.6824,32249.1886,31832.2795,32225.8015
2026-04-15 09:00:00,1776243600,32222.0352,32483.5652,32039.4560,32386.0647
2026-04-15 10:00:00,1776247200,32388.1638,32454.8694,32148.0489,32157.8283
2026-04-15 11:00:00,1776250800,32163.5875,32585.3258,32049.5255,32513.8721
2026-04-15 12:00:00,1776254400,32533.4174,32649.0722,32259.8720,32579.6789
2026-04-15 13:00:00,1776258000,32586.3407,32624.4908,32284.8868,32499.8757
2026-04-15 14:00:00,1776261600,32500.9670,32534.6807,32143.9592,32276.8250
2026-04-15 15:00:00,1776265200,32286.5267,32428.1047,32107.7032,32244.1313
2026-04-15 16:00:00,1776268800,32254.8817,32372.4888,32138.7349,32261.4868
2026-04-15 17:00:00,1776272400,32255.3940,32282.1262,31896.4234,32033.3678
2026-04-15 18:00:00,1776276000,32038.5540,32134.1536,31571.3133,31859.7244
2026-04-15 19:00:00,1776279600,31863.0475,32634.2826,31845.7738,32481.1840
2026-04-15 20:00:00,1776283200,32471.8183,32543.0149,32190.5183,32250.6207
2026-04-15 21:00:00,1776286800,32258.1689,32405.0843,32085.1589,32351.6215
2026-04-15 22:00:00,1776290400,32350.6817,32630.4150,32334.7051,32629.1794
2026-04-15 23:00:00,1776294000,32625.2688,32985.8569,32618.3558,32784.8245
2026-04-16 00:00:00,1776297600,32778.7075,33073.9735,32683.8437,32827.8325
2026-04-16 01:00:00,1776301200,32833.9512,33312.5662,32805.8117,33223.4308
2026-04-16 02:00:00,1776304800,33221.4196,33405.9364,32984.5233,33011.2720
2026-04-16 03:00:00,1776308400,33014.5262,33645.6298,32973.5471,33614.5094
2026-04-16 04:00:00,1776312000,33622.3237,33875.3212,33594.1441,33703.4335
2026-04-16 05:00:00,1776315600,33694.1557,33832.0910,33450.8199,33450.8199
2026-04-16 06:00:00,1776319200,33458.3016,34031.3158,33457.1751,33952.6949
2026-04-16 07:00:00,1776322800,33954.6367,34366.1854,33954.6367,34165.6868
2026-04-16 08:00:00,1776326400,34158.2967,34239.1656,34011.7219,34174.5005
2026-04-16 09:00:00,1776330000,34174.8375,34570.4619,34160.1031,34565.6176
2026-04-16 10:00:00,1776333600,34563.4760,34646.0354,34295.4132,34398.0482
2026-04-16 11:00:00,1776337200,34393.8852,34609.3278,34141.1910,34249.8809
2026-04-16 12:00:00,1776340800,34253.2632,34602.6155,34221.3849,34557.6925
2026-04-16 13:00:00,1776344400,34563.9341,34877.8226,34388.7536,34813.5602
2026-04-16 14:00:00,1776348000,34818.7953,35275.1901,34803.2490,35109.1930
2026-04-16 15:00:00,1776351600,35091.6504,35494.2870,34977.5495,35141.7677
2026-04-16 16:00:00,1776355200,35138.8933,35647.9466,35113.1476,35585.4837
2026-04-16 17:00:00,1776358800,35592.5910,35789.3955,35450.4542,35499.2307
2026-04-16 18:00:00,1776362400,35494.8207,35661.7670,35290.4404,35491.9963
2026-04-16 19:00:00,1776366000,35491.0899,35661.6717,34930.7379,34938.0631
2026-04-16 20:00:00,1776369600,34933.0796,34981.2219,34627.5084,34945.6031
2026-04-16 21:00:00,1776373200,34932.5260,35040.6977,34487.8650,34547.1502
2026-04-16 22:00:00,1776376800,34549.9636,34675.1438,34351.9818,34392.9851
2026-04-16 23:00:00,1776380400,34394.3672,34599.6984,34262.6760,34458.3733
2026-04-17 00:00:00,1776384000,34456.7750,35129.6524,34300.9035,35123.0035
2026-04-17 01:00:00,1776387600,35126.4195,35278.7008,34711.1072,34932.5648
2026-04-17 02:00:00,1776391200,34932.0439,35470.8229,34855.4847,35406.7786
2026-04-17 03:00:00,1776394800,35394.8556,35747.6232,35183.7011,35637.1444
2026-04-17 04:00:00,1776398400,35649.7673,35865.9391,35414.8508,35729.5735
2026-04-17 05:00:00,1776402000,35721.1593,36056.1922,35530.4215,36053.2135
2026-04-17 06:00:00,1776405600,36049.5244,36176.1440,35902.2256,35995.8537
2026-04-17 07:00:00,1776409200,35996.2886,36012.4936,35425.7688,35500.0052
2026-04-17 08:00:00,1776412800,35495.7811,35563.0212,34965.0145,34977.9353
2026-04-17 09:00:00,1776416400,34983.7884,35081.4800,34791.3088,34942.3432
2026-04-17 10:00:00,1776420000,34935.4817,35089.1628,34727.9947,34913.6787
2026-04-17 11:00:00,1776423600,34903.7682,34957.3851,34428.9000,34582.9072
2026-04-17 12:00:00,1776427200,34577.9295,34609.2305,34093.2337,34109.6891
2026-04-17 13:00:00,1776430800,34112.9527,34607.0383,34112.9527,34205.1845
2026-04-17 14:00:00,1776434400,34192.4159,34353.0594,34081.9439,34203.7281
2026-04-17 15:00:00,1776438000,34196.6303,34462.2118,34188.8574,34268.4060
2026-04-17 16:00:00,1776441600,34259.6404,34332.7913,33617.0978,33699.0804
2026-04-17 17:00:00,1776445200,33705.9755,33813.1935,33505.5143,33640.6539
2026-04-17 18:00:00,1776448800,33645.9853,33697.2253,33136.8502,33178.0022
2026-04-17 19:00:00,1776452400,33187.6341,33422.2520,33058.7175,33346.8094
2026-04-17 20:00:00,1776456000,33348.9069,33527.0610,33110.7894,33116.8838
2026-04-17 21:00:00,1776459600,33116.6513,33256.4870,32819.3664,32856.7013
2026-04-17 22:00:00,1776463200,32851.3090,33065.5012,32620.8304,32931.4560
2026-04-17 23:00:00,1776466800,32928.6091,33363.1369,32906.3063,33359.4338
2026-04-18 00:00:00,1776470400,33372.6834,33812.3016,33203.5774,33774.6951
2026-04-18 01:00:00,1776474000,33774.9095,34007.6219,33679.1009,33775.7384
2026-04-18 02:00:00,1776477600,33772.5434,33885.7318,33584.6195,33684.0285
2026-04-18 03:00:00,1776481200,33689.7285,34108.5172,33661.9673,33997.4174
2026-04-18 04:00:00,1776484800,33983.3074,33988.5441,33637.3561,33731.0874
2026-04-18 05:00:00,1776488400,33729.4176,33729.4176,33411.4770,33507.4219
2026-04-18 06:00:00,1776492000,33521.8216,33870.9005,33455.1519,33825.2145
2026-04-18 07:00:00,1776495600,33826.9128,34244.0714,33704.6458,34125.0884
2026-04-18 08:00:00,1776499200,34112.8803,34290.5544,33894.2445,34054.6974
2026-04-18 09:00:00,1776502800,34062.9984,34480.3568,34010.1827,34256.3473
2026-04-18 10:00:00,1776506400,34258.8147,34265.1584,33831.1162,34181.5135
2026-04-18 11:00:00,1776510000,34189.5140,34319.7796,34021.7299,34027.9192
2026-04-18 12:00:00,1776513600,34020.5080,34525.1038,33873.4253,34508.4931
2026-04-18 13:00:00,1776517200,34507.6977,34653.8284,34452.6672,34502.2549
2026-04-18 14:00:00,1776520800,34504.2108,34615.6461,33848.2199,33855.3814
2026-04-18 15:00:00,1776524400,33865.2307,33870.4035,33390.8182,33458.8594
2026-04-18 16:00:00,1776528000,33459.5421,33524.7996,33107.6498,33441.2251
2026-04-18 17:00:00,1776531600,33431.9098,33820.9493,33307.5515,33763.1038
2026-04-18 18:00:00,1776535200,33753.8166,34256.6118,33694.5630,34020.0767
2026-04-18 19:00:00,1776538800,34031.6331,34036.6585,33430.8085,33673.4262
2026-04-18 20:00:00,1776542400,33680.8956,33843.8026,33446.5762,33718.1118
2026-04-18 21:00:00,1776546000,33730.9273,33847.7327,33544.1801,33831.5710
2026-04-18 22:00:00,1776549600,33832.3022,34084.3821,33719.5312,34072.8224
2026-04-18 23:00:00,1776553200,34067.9187,34617.6267,33977.2978,34582.6201
2026-04-19 00:00:00,1776556800,34584.4656,34609.8092,34233.1048,34370.0828
2026-04-19 01:00:00,1776560400,34368.5006,34480.1210,34141.6793,34285.3099
2026-04-19 02:00:00,1776564000,34283.9023,34617.8631,34263.8595,34547.3396
2026-04-19 03:00:00,1776567600,34544.8186,34924.1524,34521.3257,34904.3826
2026-04-19 04:00:00,1776571200,34899.6807,35001.8615,34583.1891,34785.6670
2026-04-19 05:00:00,1776574800,34787.6332,35377.3670,34710.1599,35316.7139
2026-04-19 06:00:00,1776578400,35319.3564,35320.8367,35012.3123,35152.4869
2026-04-19 07:00:00,1776582000,35165.8674,35333.6120,34968.6944,35109.2489
2026-04-19 08:00:00,1776585600,35108.9924,35493.8717,35040.0741,35077.6840
2026-04-19 09:00:00,1776589200,35078.5667,35208.6963,34837.7597,35191.0244
2026-04-19 10:00:00,1776592800,35190.5742,35762.7783,35130.4714,35542.6622
2026-04-19 11:00:00,1776596400,35548.4590,35596.0690,35044.8726,35235.3936
2026-04-19 12:00:00,1776600000,35234.9749,35456.4799,35215.0562,35328.8333
2026-04-19 13:00:00,1776603600,35321.8445,35431.6670,35017.3021,35070.4653
2026-04-19 14:00:00,1776607200,35065.1339,35476.0509,34937.2830,35368.3696
2026-04-19 15:00:00,1776610800,35388.3508,35444.3113,35060.0629,35258.4198
2026-04-19 16:00:00,1776614400,35268.6882,35856.0839,35100.3830,35794.9691
2026-04-19 17:00:00,1776618000,35792.5495,35964.4081,35651.9337,35807.6149
2026-04-19 18:00:00,1776621600,35805.2689,35828.1943,35216.4771,35334.0073
2026-04-19 19:00:00,1776625200,35333.5547,35335.1141,34564.8904,34643.0845
2026-04-19 20:00:00,1776628800,34644.8317,34929.8090,34608.0634,34762.5362
2026-04-19 21:00:00,1776632400,34769.5287,34976.7043,34638.4561,34880.7517
2026-04-19 22:00:00,1776636000,34876.3734,35255.1393,34818.1796,35245.3740
2026-04-19 23:00:00,1776639600,35237.3568,35592.0820,35085.1615,35509.1926
2026-04-20 00:00:00,1776643200,35507.1858,35541.6768,35143.9066,35206.3364
2026-04-20 01:00:00,1776646800,35212.0037,35409.5632,35122.0031,35279.2447
2026-04-20 02:00:00,1776650400,35274.8205,35338.6871,34954.2489,35050.3600
2026-04-20 03:00:00,1776654000,35056.7571,35117.8836,34756.7025,34918.5820
2026-04-20 04:00:00,1776657600,34919.5525,34946.7814,34336.5585,34368.8205
2026-04-20 05:00:00,1776661200,34367.6400,34628.1424,34284.6523,34562.0407
2026-04-20 06:00:00,1776664800,34561.0705,34605.7352,34354.8839,34587.5459
2026-04-20 07:00:00,1776668400,34593.8105,34809.2748,34386.6938,34494.3955
2026-04-20 08:00:00,1776672000,34499.3053,34624.1918,34298.0985,34346.4271
2026-04-20 09:00:00,1776675600,34355.1632,34489.7710,34091.9036,34338.5614
2026-04-20 10:00:00,1776679200,34337.9436,34411.4843,34023.9413,34219.6618
2026-04-20 11:00:00,1776682800,34230.0178,34437.8676,33929.3658,33974.4523
2026-04-20 12:00:00,1776686400,33980.3473,34239.8871,33954.9509,34009.7207
2026-04-20 13:00:00,1776690000,34008.9908,34343.1162,33925.3523,34189.8987
2026-04-20 14:00:00,1776693600,34193.7507,34229.5422,33856.9229,34012.8600
2026-04-20 15:00:00,1776697200,34014.0546,34043.3752,33446.3662,33454.1172
2026-04-20 16:00:00,1776700800,33456.9320,33502.7530,33173.5164,33199.9496
2026-04-20 17:00:00,1776704400,33204.4570,33296.2416,32872.1593,33185.7429
2026-04-20 18:00:00,1776708000,33184.3217,33396.9689,32661.0410,32690.6915
2026-04-20 19:00:00,1776711600,32692.8712,32916.0241,32658.7495,32771.2851
2026-04-20 20:00:00,1776715200,32772.0560,33075.5483,32580.1623,33051.1746
2026-04-20 21:00:00,1776718800,33052.2261,33195.0224,32938.6934,32997.3769
2026-04-20 22:00:00,1776722400,33003.4833,33573.0022,32968.1657,33573.0022
2026-04-20 23:00:00,1776726000,33579.6667,33660.8454,33312.8068,33347.6913
2026-04-21 00:00:00,1776729600,33358.1823,33734.0788,33356.5382,33693.1209
2026-04-21 01:00:00,1776733200,33691.4957,33807.7714,33494.7224,33613.9634
2026-04-21 02:00:00,1776736800,33600.1588,33748.5310,33477.4213,33671.1725
2026-04-21 03:00:00,1776740400,33673.8148,33789.5236,33416.6419,33442.6125
2026-04-21 04:00:00,1776744000,33440.7897,33718.5544,33381.2905,33674.7813
2026-04-21 05:00:00,1776747600,33671.6921,34055.9620,33539.5902,33942.7715
2026-04-21 06:00:00,1776751200,33935.6097,34000.0612,33654.9905,33900.5446
2026-04-21 07:00:00,1776754800,33898.9869,34201.7253,33789.9635,34122.5304
2026-04-21 08:00:00,1776758400,34129.2988,34622.4886,34117.4582,34391.4228
2026-04-21 09:00:00,1776762000,34392.7277,34405.8730,33953.6977,34039.0487
2026-04-21 10:00:00,1776765600,34042.3046,34063.6239,33756.3732,33944.1223
2026-04-21 11:00:00,1776769200,33937.9562,33942.7643,33701.7216,33760.3060
2026-04-21 12:00:00,1776772800,33753.0935,33790.4478,33512.7042,33547.0999
2026-04-21 13:00:00,1776776400,33543.4850,33746.7569,33353.7659,33361.8341
2026-04-21 14:00:00,1776780000,33352.6803,33555.5244,33064.7004,33160.4320
2026-04-21 15:00:00,1776783600,33162.6416,33167.0900,32786.9220,32893.7927
2026-04-21 16:00:00,1776787200,32899.9763,32918.4721,32499.4520,32763.4430
2026-04-21 17:00:00,1776790800,32762.9441,32907.4145,32565.3781,32860.9052
2026-04-21 18:00:00,1776794400,32865.7772,32944.9828,32724.1857,32803.7407
2026-04-21 19:00:00,1776798000,32805.4554,33120.9988,32724.1741,33120.9988
2026-04-21 20:00:00,1776801600,33117.7443,33467.3940,33090.3295,33339.7960
2026-04-21 21:00:00,1776805200,33334.9367,33466.6430,32983.2706,33006.7650
2026-04-21 22:00:00,1776808800,33009.5745,33042.5278,32740.7864,33009.2499
2026-04-21 23:00:00,1776812400,33014.9966,33413.0837,32746.3730,33379.2406
2026-04-22 00:00:00,1776816000,33373.6904,33399.5821,32804.2710,32918.0779
2026-04-22 01:00:00,1776819600,32915.0243,32938.7657,32506.3173,32790.0054
2026-04-22 02:00:00,1776823200,32789.8725,33074.8182,32640.7764,32861.4693
2026-04-22 03:00:00,1776826800,32867.4258,32919.4691,32523.0573,32793.9092
2026-04-22 04:00:00,1776830400,32790.8140,32877.8345,32574.2169,32742.9924
2026-04-22 05:00:00,1776834000,32743.7650,32873.9908,32596.6392,32645.2815
2026-04-22 06:00:00,1776837600,32639.4653,32890.0289,32509.3340,32769.3427
2026-04-22 07:00:00,1776841200,32767.1322,33198.1114,32749.2768,33084.8699
2026-04-22 08:00:00,1776844800,33074.6006,33278.6505,32944.3613,33014.0158
2026-04-22 09:00:00,1776848400,33010.5133,33044.2912,32761.6664,32794.0891
2026-04-22 10:00:00,1776852000,32785.9562,32960.7649,32723.0973,32956.9196
2026-04-22 11:00:00,1776855600,32944.7148,33107.1484,32709.8466,32917.5766
2026-04-22 12:00:00,1776859200,32924.6830,33222.1171,32881.2558,32967.2780
2026-04-22 13:00:00,1776862800,32961.6389,32987.9938,32559.9644,32814.3643
2026-04-22 14:00:00,1776866400,32814.3950,33260.2573,32788.2879,33043.2208
2026-04-22 15:00:00,1776870000,33028.7916,33313.3448,32957.0867,33302.5940
2026-04-22 16:00:00,1776873600,33308.2030,33362.2604,32789.2237,32965.8079
2026-04-22 17:00:00,1776877200,32960.7377,33225.7656,32766.0385,32799.2856
2026-04-22 18:00:00,1776880800,32798.2960,32981.1153,32676.4287,32957.5169
2026-04-22 19:00:00,1776884400,32960.2415,33028.9794,32619.0062,32910.4435
2026-04-22 20:00:00,1776888000,32922.8490,32962.5961,32553.4923,32644.1274
2026-04-22 21:00:00,1776891600,32638.7965,33170.3302,32629.5097,33087.0630
2026-04-22 22:00:00,1776895200,33100.5406,33473.7486,33041.7554,33465.4333
2026-04-22 23:00:00,1776898800,33465.0717,33532.9965,33231.8195,33311.1350
2026-04-23 00:00:00,1776902400,33312.3239,33456.2168,33208.3503,33414.7008
2026-04-23 01:00:00,1776906000,33427.2055,33582.6588,33224.6683,33264.9374
2026-04-23 02:00:00,1776909600,33257.3111,33465.9141,32799.4308,32873.1115
2026-04-23 03:00:00,1776913200,32869.8030,33290.9455,32869.8030,33089.1983
2026-04-23 04:00:00,1776916800,33081.2214,33118.1228,32465.9715,32508.7018
2026-04-23 05:00:00,1776920400,32507.1124,32810.4152,32507.1124,32753.4079
2026-04-23 06:00:00,1776924000,32762.2866,33306.1499,32640.8114,33282.0183
2026-04-23 07:00:00,1776927600,33278.4986,33529.2289,33147.0846,33236.7745
2026-04-23 08:00:00,1776931200,33254.0954,33356.9359,33136.6638,33291.9730
2026-04-23 09:00:00,1776934800,33303.7045,33430.7264,33116.0089,33187.7245
2026-04-23 10:00:00,1776938400,33196.7853,33204.7297,32808.5763,32843.6998
2026-04-23 11:00:00,1776942000,32838.0027,32894.0743,32503.9019,32808.7081
2026-04-23 12:00:00,1776945600,32813.7999,33011.6248,32722.9699,32779.2388
2026-04-23 13:00:00,1776949200,32768.0614,33142.5356,32623.8920,32638.9311
2026-04-23 14:00:00,1776952800,32635.8751,32760.4367,32263.0054,32309.0659
2026-04-23 15:00:00,1776956400,32301.4754,32371.9713,32057.9218,32205.1856
2026-04-23 16:00:00,1776960000,32209.7500,32475.4929,32051.8989,32190.3013
2026-04-23 17:00:00,1776963600,32189.5657,32379.7137,32104.0382,32178.0507
2026-04-23 18:00:00,1776967200,32190.6433,32686.5443,32190.2018,32504.8843
2026-04-23 19:00:00,1776970800,32503.6265,32580.1901,32160.0165,32169.0836
2026-04-23 20:00:00,1776974400,32172.3267,32564.9659,32115.3831,32489.5347
2026-04-23 21:00:00,1776978000,32482.7422,32630.2085,32203.0273,32271.8506
2026-04-23 22:00:00,1776981600,32279.0329,32433.9256,32165.3373,32320.5757
2026-04-23 23:00:00,1776985200,32324.7292,32472.2558,32074.0971,32247.3767
2026-04-24 00:00:00,1776988800,32248.8797,32497.8702,32031.2674,32483.3925
2026-04-24 01:00:00,1776992400,32473.3973,32834.5111,32430.4880,32781.0980
2026-04-24 02:00:00,1776996000,32772.5549,32892.6033,32450.4879,32483.2023
2026-04-24 03:00:00,1776999600,32486.4891,32661.3897,32341.0987,32485.4600
2026-04-24 04:00:00,1777003200,32486.1758,32752.1962,32440.7447,32509.6693
2026-04-24 05:00:00,1777006800,32504.9964,32563.2775,32080.2886,32211.3853
2026-04-24 06:00:00,1777010400,32212.9893,32553.0589,32194.2676,32332.2698
2026-04-24 07:00:00,1777014000,32328.3457,32433.6996,32014.3671,32185.7938
2026-04-24 08:00:00,1777017600,32192.5922,32438.9801,32072.5608,32340.1282
2026-04-24 09:00:00,1777021200,32336.8085,32804.0548,32299.3880,32754.0959
2026-04-24 10:00:00,1777024800,32744.5998,33274.8308,32744.5998,33184.9933
2026-04-24 11:00:00,1777028400,33179.9369,33232.1884,32885.7546,32988.9040
2026-04-24 12:00:00,1777032000,32985.7488,33518.0830,32910.4045,33517.1146
2026-04-24 13:00:00,1777035600,33520.2563,33536.0974,33282.8678,33356.5461
2026-04-24 14:00:00,1777039200,33362.4233,33450.1819,33129.7464,33264.2059
2026-04-24 15:00:00,1777042800,33261.5115,33456.2858,32928.4892,33305.4979
2026-04-24 16:00:00,1777046400,33301.4447,33465.0069,33055.7777,33159.2787
2026-04-24 17:00:00,1777050000,33172.9276,33487.6430,33117.7660,33219.8090
2026-04-24 18:00:00,1777053600,33225.4579,33235.1486,32884.5918,33001.0310
2026-04-24 19:00:00,1777057200,33001.7818,33612.1431,32942.9786,33422.8688
2026-04-24 20:00:00,1777060800,33421.7951,33455.5001,32999.2963,33023.4418
2026-04-24 21:00:00,1777064400,33020.3286,33526.5626,32917.4346,33494.5982
2026-04-24 22:00:00,1777068000,33493.3780,33720.5623,33451.7607,33546.0160
2026-04-24 23:00:00,1777071600,33547.5638,33547.5638,33127.6541,33236.3481
2026-04-25 00:00:00,1777075200,33233.3165,33653.3177,33229.4044,33377.7016
2026-04-25 01:00:00,1777078800,33372.7091,33805.0452,33299.4940,33756.8598
2026-04-25 02:00:00,1777082400,33758.2742,33923.9624,33376.1939,33395.2331
2026-04-25 03:00:00,1777086000,33390.8870,33967.8569,33390.8870,33689.9368
2026-04-25 04:00:00,1777089600,33692.2418,34065.1588,33667.8483,34034.2531
2026-04-25 05:00:00,1777093200,34027.3342,34515.9497,33955.0982,34501.3875
2026-04-25 06:00:00,1777096800,34506.0497,34642.3388,34371.6417,34438.4100
2026-04-25 07:00:00,1777100400,34444.0139,34536.0319,33892.1597,33958.0303
2026-04-25 08:00:00,1777104000,33958.9752,34025.1521,33651.4697,33881.0553
2026-04-25 09:00:00,1777107600,33883.2517,34420.5170,33875.4247,34103.2475
2026-04-25 10:00:00,1777111200,34090.8170,34156.2650,33790.4992,33971.1483
2026-04-25 11:00:00,1777114800,33985.3369,34185.7071,33882.6036,34072.0180
2026-04-25 12:00:00,1777118400,34072.9862,34201.9676,33721.3121,33813.4857
2026-04-25 13:00:00,1777122000,33822.6951,34137.7971,33799.1700,34102.1917
2026-04-25 14:00:00,1777125600,34112.6546,34329.3009,34029.1798,34158.3446
2026-04-25 15:00:00,1777129200,34160.2931,34340.6580,33996.8124,33999.9355
2026-04-25 16:00:00,1777132800,33997.9796,34360.2739,33825.2456,34354.8622
2026-04-25 17:00:00,1777136400,34360.8379,34666.9320,34313.1574,34428.3600
2026-04-25 18:00:00,1777140000,34424.4201,34515.4078,34092.7509,34124.5154
2026-04-25 19:00:00,1777143600,34113.8286,34235.7384,33913.9493,34098.7485
2026-04-25 20:00:00,1777147200,34106.8831,34409.3953,33964.9111,34314.0579
2026-04-25 21:00:00,1777150800,34321.4291,34502.4881,34203.4426,34459.4445
2026-04-25 22:00:00,1777154400,34464.4807,34545.3211,34091.1027,34448.6188
2026-04-25 23:00:00,1777158000,34449.3494,34641.8954,34175.8532,34313.1900
2026-04-26 00:00:00,1777161600,34308.2912,34616.1273,34229.5603,34251.4006
2026-04-26 01:00:00,1777165200,34244.8696,34666.6901,34114.5459,34592.1694
2026-04-26 02:00:00,1777168800,34571.6412,34679.8742,34258.6365,34648.8560
2026-04-26 03:00:00,1777172400,34641.9540,34735.2425,34298.0360,34417.1888
2026-04-26 04:00:00,1777176000,34431.0432,34620.6962,34177.5107,34263.8885
2026-04-26 05:00:00,1777179600,34269.8692,34269.8692,33894.2295,33952.1246
2026-04-26 06:00:00,1777183200,33942.7894,34044.6715,33702.6463,33786.4378
2026-04-26 07:00:00,1777186800,33782.8740,33852.9880,33550.9647,33771.9962
2026-04-26 08:00:00,1777190400,33775.7803,33871.9590,33494.9174,33633.2445
2026-04-26 09:00:00,1777194000,33634.4843,33708.7819,33207.0638,33358.1795
2026-04-26 10:00:00,1777197600,33361.7647,33548.8240,33280.6937,33443.3398
2026-04-26 11:00:00,1777201200,33447.7225,33694.2421,33390.0959,33547.8040
2026-04-26 12:00:00,1777204800,33546.3123,33883.2834,33457.6755,33855.6736
2026-04-26 13:00:00,1777208400,33857.9866,34190.3813,33795.1628,34123.5160
2026-04-26 14:00:00,1777212000,34112.5824,34267.6318,33969.5606,34247.0792
2026-04-26 15:00:00,1777215600,34253.2596,34502.1503,34128.8445,34137.1455
2026-04-26 16:00:00,1777219200,34147.9335,34303.6286,34020.7500,34134.8540
2026-04-26 17:00:00,1777222800,34134.4739,34417.8233,33935.0307,34396.6622
2026-04-26 18:00:00,1777226400,34397.5335,34511.1637,34172.1096,34288.5687
2026-04-26 19:00:00,1777230000,34292.0075,34605.9671,34280.5425,34538.5931
2026-04-26 20:00:00,1777233600,34541.9826,34690.1653,34333.2525,34364.1448
2026-04-26 21:00:00,1777237200,34377.2692,34625.6286,34177.8370,34192.2868
2026-04-26 22:00:00,1777240800,34177.0713,34361.8105,33981.8109,34341.8405
2026-04-26 23:00:00,1777244400,34347.8402,34613.8597,34128.9900,34187.7923
2026-04-27 00:00:00,1777248000,34187.2307,34498.1690,34129.4940,34210.4191
2026-04-27 01:00:00,1777251600,34198.2612,34540.0464,34020.4909,34156.5365
2026-04-27 02:00:00,1777255200,34141.0322,34210.8927,33822.7113,33978.4042
2026-04-27 03:00:00,1777258800,33969.5258,34070.9579,33798.3981,33923.4487
2026-04-27 04:00:00,1777262400,33916.0225,34010.4268,33615.4262,33675.2015
2026-04-27 05:00:00,1777266000,33674.6203,33687.8157,33224.6910,33401.1780
2026-04-27 06:00:00,1777269600,33394.4447,33815.0754,33391.7765,33697.5240
2026-04-27 07:00:00,1777273200,33697.5225,33984.1565,33638.0739,33917.3264
2026-04-27 08:00:00,1777276800,33915.5187,34157.2526,33829.2493,34076.2178
2026-04-27 09:00:00,1777280400,34066.3039,34123.8933,33572.8835,33576.0562
2026-04-27 10:00:00,1777284000,33579.2060,34071.0371,33571.7338,33783.5420
2026-04-27 11:00:00,1777287600,33777.5429,34146.5340,33715.6511,33851.4302
2026-04-27 12:00:00,1777291200,33847.3208,33963.2677,33642.4118,33848.5427
2026-04-27 13:00:00,1777294800,33843.8608,33961.2997,33605.7586,33918.9199
2026-04-27 14:00:00,1777298400,33922.2803,34329.9072,33806.3841,34167.3157
2026-04-27 15:00:00,1777302000,34180.0170,34414.0553,34168.2818,34355.2744
2026-04-27 16:00:00,1777305600,34358.6880,34445.7908,34095.2876,34290.6772
2026-04-27 17:00:00,1777309200,34290.6945,34589.6559,34266.6990,34445.3905
2026-04-27 18:00:00,1777312800,34446.7594,35047.0003,34391.5438,34965.8751
2026-04-27 19:00:00,1777316400,34957.6950,35073.6621,34785.9929,35059.0886
2026-04-27 20:00:00,1777320000,35072.1545,35142.2195,34791.3838,34869.7084
2026-04-27 21:00:00,1777323600,34857.1718,34871.0838,34166.1445,34422.6530
2026-04-27 22:00:00,1777327200,34429.3930,34724.4019,34314.6277,34600.8454
2026-04-27 23:00:00,1777330800,34606.1873,34768.6596,34326.0096,34722.9825
2026-04-28 00:00:00,1777334400,34721.0581,34795.2906,34323.7173,34472.6805
2026-04-28 01:00:00,1777338000,34470.2709,34489.0630,34144.3217,34393.2386
2026-04-28 02:00:00,1777341600,34379.2867,34497.7205,33971.6338,34042.2273
2026-04-28 03:00:00,1777345200,34055.3364,34678.1741,34006.8874,34575.7920
2026-04-28 04:00:00,1777348800,34572.0072,34829.5759,34324.1957,34807.7318
2026-04-28 05:00:00,1777352400,34805.2180,34837.2369,34301.1944,34797.3856
2026-04-28 06:00:00,1777356000,34788.3069,34797.9616,34391.5629,34404.9572
2026-04-28 07:00:00,1777359600,34395.2743,34592.0497,33997.9458,34059.4981
2026-04-28 08:00:00,1777363200,34059.0959,34223.5460,33882.5093,34137.7249
2026-04-28 09:00:00,1777366800,34133.5761,34216.2279,33946.7109,33999.4929
2026-04-28 10:00:00,1777370400,34003.3697,34322.2004,33955.2586,33984.4281
2026-04-28 11:00:00,1777374000,33966.0898,34199.6468,33873.9892,34149.7170
2026-04-28 12:00:00,1777377600,34158.7771,34515.9322,34158.7771,34345.8800
2026-04-28 13:00:00,1777381200,34336.6748,34644.4578,34178.1216,34569.1405
2026-04-28 14:00:00,1777384800,34572.4196,34801.7497,34476.3763,34676.1861
2026-04-28 15:00:00,1777388400,34691.1358,35348.9160,34618.1029,35348.9160
2026-04-28 16:00:00,1777392000,35354.5706,35377.8209,34297.8715,34305.0647
2026-04-28 17:00:00,1777395600,34314.0634,34514.6066,33987.3729,34085.5813
2026-04-28 18:00:00,1777399200,34088.0697,34444.0894,34024.3242,34270.4867
2026-04-28 19:00:00,1777402800,34280.4590,34715.2699,34019.8697,34705.9619
2026-04-28 20:00:00,1777406400,34700.5869,35301.2442,34689.9699,35026.2412
2026-04-28 21:00:00,1777410000,35021.5435,35457.2789,34956.5785,35001.8191
2026-04-28 22:00:00,1777413600,35000.6390,35163.8258,34794.9292,34901.8565
2026-04-28 23:00:00,1777417200,34906.4888,35160.9515,34825.5030,34972.9535
2026-04-29 00:00:00,1777420800,34968.5030,35007.4472,34650.1165,34766.3018
2026-04-29 01:00:00,1777424400,34756.9789,35185.1031,34730.6641,35053.5129
2026-04-29 02:00:00,1777428000,35048.0767,35193.9976,34787.4416,34841.5348
2026-04-29 03:00:00,1777431600,34841.8043,35020.6006,34687.0304,34702.0826
2026-04-29 04:00:00,1777435200,34704.9256,34778.1678,34463.9053,34609.9383
2026-04-29 05:00:00,1777438800,34596.7884,34806.9931,34149.4805,34421.0787
2026-04-29 06:00:00,1777442400,34413.1414,34652.0869,34254.7870,34354.1699
2026-04-29 07:00:00,1777446000,34354.9511,34554.3753,34139.3429,34238.8112
2026-04-29 08:00:00,1777449600,34225.0246,34632.7448,34036.9916,34536.7199
2026-04-29 09:00:00,1777453200,34531.0506,35039.0000,34458.3744,34954.3676
2026-04-29 10:00:00,1777456800,34951.5347,35174.3824,34769.0680,35149.9112
2026-04-29 11:00:00,1777460400,35150.2513,35436.9356,35051.2548,35429.3020
2026-04-29 12:00:00,1777464000,35422.6466,35515.5534,35142.0193,35305.9104
2026-04-29 13:00:00,1777467600,35316.7488,35681.9017,35243.3006,35574.6809
2026-04-29 14:00:00,1777471200,35574.2116,35844.5996,35482.0935,35831.9629
2026-04-29 15:00:00,1777474800,35832.9231,36051.5174,35593.7044,35805.5173
2026-04-29 16:00:00,1777478400,35804.9351,36275.3103,35724.6447,36224.2783
2026-04-29 17:00:00,1777482000,36235.3860,36268.8333,35853.4994,35856.4752
2026-04-29 18:00:00,1777485600,35856.7036,36027.7560,35716.2234,35839.9726
2026-04-29 19:00:00,1777489200,35844.3505,36030.9375,35669.4619,35941.4713
2026-04-29 20:00:00,1777492800,35955.8577,36366.4440,35955.8577,36321.6689
2026-04-29 21:00:00,1777496400,36324.2798,36537.7783,36176.7679,36354.2261
2026-04-29 22:00:00,1777500000,36359.1922,36400.3564,35997.8195,36029.1944
2026-04-29 23:00:00,1777503600,36031.2405,36160.8949,35680.9284,35879.8133
2026-04-30 00:00:00,1777507200,35886.7425,36226.8007,35810.1600,35929.1425
2026-04-30 01:00:00,1777510800,35930.3947,36183.3506,35813.7557,35954.7719
2026-04-30 02:00:00,1777514400,35956.0960,36090.0178,35691.7404,35734.5126
2026-04-30 03:00:00,1777518000,35724.5521,36267.9784,35531.1035,35978.1721
2026-04-30 04:00:00,1777521600,35980.4380,36213.9756,35659.5117,35910.7709
2026-04-30 05:00:00,1777525200,35909.5233,35985.0819,35703.5289,35837.6870
2026-04-30 06:00:00,1777528800,35836.3029,35932.0665,35448.6126,35448.6126
2026-04-30 07:00:00,1777532400,35440.5554,35547.2557,35016.4385,35164.1862
2026-04-30 08:00:00,1777536000,35166.7859,35255.1961,34811.7417,34980.0740
2026-04-30 09:00:00,1777539600,34987.9094,35042.8590,34807.1770,34868.3771
2026-04-30 10:00:00,1777543200,34866.6221,35165.9863,34634.5809,34664.9021
2026-04-30 11:00:00,1777546800,34672.3140,34672.3140,34125.7507,34284.5215
2026-04-30 12:00:00,1777550400,34286.7782,34568.5372,34267.2137,34318.3263
2026-04-30 13:00:00,1777554000,34302.6432,34302.6432,33876.2365,33915.3204
2026-04-30 14:00:00,1777557600,33914.9677,34387.4898,33786.1809,34242.6927
2026-04-30 15:00:00,1777561200,34233.5373,34274.1601,33994.6197,34026.6481
2026-04-30 16:00:00,1777564800,34020.3971,34508.6189,33978.6945,34380.7606
2026-04-30 17:00:00,1777568400,34381.0796,34394.5649,33874.8695,34279.0929
2026-04-30 18:00:00,1777572000,34278.8579,34569.0818,34162.9156,34404.0086
2026-04-30 19:00:00,1777575600,34404.2994,34779.8236,34374.3669,34649.7210
2026-04-30 20:00:00,1777579200,34658.4252,34721.5096,33926.6220,33946.0022
2026-04-30 21:00:00,1777582800,33940.3219,34200.9159,33877.5683,33960.1674
2026-04-30 22:00:00,1777586400,33958.1905,34031.8597,33637.1104,33674.8218
2026-04-30 23:00:00,1777590000,33667.1875,34121.6273,33649.8025,33905.9870
2026-05-01 00:00:00,1777593600,33909.4058,34218.6070,33693.4466,34140.5342
2026-05-01 01:00:00,1777597200,34143.5792,34775.9387,34142.6584,34690.2181
2026-05-01 02:00:00,1777600800,34685.6595,34963.5283,34674.4370,34803.3583
2026-05-01 03:00:00,1777604400,34799.7796,34955.0061,34649.6584,34743.7065
2026-05-01 04:00:00,1777608000,34743.3876,34765.5125,34111.2891,34111.2891
2026-05-01 05:00:00,1777611600,34119.1232,34368.0186,34056.3753,34301.6123
2026-05-01 06:00:00,1777615200,34309.6198,34435.8234,34015.0311,34055.7308
2026-05-01 07:00:00,1777618800,34062.3978,34504.5010,33919.5896,34469.6254
2026-05-01 08:00:00,1777622400,34456.9607,34933.2434,34436.9642,34924.3296
2026-05-01 09:00:00,1777626000,34932.2661,35234.9477,34920.3068,35125.3414
2026-05-01 10:00:00,1777629600,35127.4476,35877.9610,35105.4092,35672.5710
2026-05-01 11:00:00,1777633200,35672.1872,35998.8774,35571.9896,35802.3238
2026-05-01 12:00:00,1777636800,35801.5579,36322.3944,35780.7366,35901.5423
2026-05-01 13:00:00,1777640400,35902.4602,35976.2573,35727.2889,35817.4158
2026-05-01 14:00:00,1777644000,35811.2435,36212.7205,35682.5869,36186.8474
2026-05-01 15:00:00,1777647600,36182.1887,36508.3944,35948.6067,36025.4065
2026-05-01 16:00:00,1777651200,36031.6045,36308.2244,35982.5789,36237.5767
2026-05-01 17:00:00,1777654800,36239.6576,36240.3346,35849.8536,35953.6097
2026-05-01 18:00:00,1777658400,35948.6927,35978.4735,35347.0659,35371.8518
2026-05-01 19:00:00,1777662000,35369.6848,35654.4441,35323.1949,35534.9914
2026-05-01 20:00:00,1777665600,35542.9144,36125.8011,35417.2345,35900.2222
2026-05-01 21:00:00,1777669200,35895.8274,36047.1829,35738.8186,35887.6913
2026-05-01 22:00:00,1777672800,35884.5002,36102.9704,35851.2828,35920.4542
2026-05-01 23:00:00,1777676400,35911.0622,36001.1339,35514.9658,35820.9468
2026-05-02 00:00:00,1777680000,35807.5229,36358.9566,35713.1726,36289.4784
2026-05-02 01:00:00,1777683600,36296.3072,36597.0667,36159.6330,36221.8933
2026-05-02 02:00:00,1777687200,36218.7143,36466.7445,36140.3960,36188.6945
2026-05-02 03:00:00,1777690800,36199.1044,36835.3001,36074.7845,36749.1999
2026-05-02 04:00:00,1777694400,36746.3180,36838.5440,36555.1350,36812.9328
2026-05-02 05:00:00,1777698000,36813.5452,36951.1381,36532.1256,36755.2768
2026-05-02 06:00:00,1777701600,36747.8538,36785.8075,36355.3929,36625.9093
2026-05-02 07:00:00,1777705200,36624.4660,36849.5468,36507.5914,36793.2623
2026-05-02 08:00:00,1777708800,36797.6739,36840.7931,36253.1631,36711.7748
2026-05-02 09:00:00,1777712400,36706.3856,36901.6821,36477.2557,36491.4309
2026-05-02 10:00:00,1777716000,36475.8014,36716.1809,36244.4859,36682.5151
2026-05-02 11:00:00,1777719600,36691.7133,36810.8262,36103.9224,36245.8798
2026-05-02 12:00:00,1777723200,36238.8918,36306.1837,35783.9904,35957.8054
2026-05-02 13:00:00,1777726800,35956.3156,36174.8305,35804.0704,35946.0588
2026-05-02 14:00:00,1777730400,35951.2357,36053.3386,35456.4552,35489.2172
2026-05-02 15:00:00,1777734000,35492.5559,35725.8286,35238.9393,35443.4801
2026-05-02 16:00:00,1777737600,35444.0550,35644.4595,35101.6043,35411.5246
2026-05-02 17:00:00,1777741200,35413.7154,35572.9204,35300.5348,35398.3255
2026-05-02 18:00:00,1777744800,35410.1779,35526.4481,35190.9944,35394.5541
2026-05-02 19:00:00,1777748400,35394.7245,35537.7620,35295.9248,35301.6298
2026-05-02 20:00:00,1777752000,35307.2613,35347.7493,34645.6125,34706.3520
2026-05-02 21:00:00,1777755600,34708.5866,34833.3686,34544.6418,34701.1853
2026-05-02 22:00:00,1777759200,34698.6972,34892.1352,34589.2123,34775.6291
2026-05-02 23:00:00,1777762800,34778.3167,34828.2454,34389.3236,34611.5930
2026-05-03 00:00:00,1777766400,34607.9145,34913.7109,34537.5731,34700.6616
2026-05-03 01:00:00,1777770000,34699.3688,34839.0258,34575.7908,34673.6894
2026-05-03 02:00:00,1777773600,34675.4810,34919.0674,34570.7092,34607.5928
2026-05-03 03:00:00,1777777200,34609.7067,34825.1888,34518.8389,34638.9232
2026-05-03 04:00:00,1777780800,34634.0288,34669.1612,34278.4667,34278.4667
2026-05-03 05:00:00,1777784400,34285.9470,34298.6531,33906.3608,34129.9408
2026-05-03 06:00:00,1777788000,34120.1315,34193.7300,33606.1963,33653.6663
2026-05-03 07:00:00,1777791600,33651.8950,33787.5483,33383.7472,33701.3342
2026-05-03 08:00:00,1777795200,33704.5816,33831.6766,33267.9926,33470.7773
2026-05-03 09:00:00,1777798800,33467.0962,33683.3162,33456.3105,33587.0019
2026-05-03 10:00:00,1777802400,33591.6718,33640.5857,33368.8510,33560.5744
2026-05-03 11:00:00,1777806000,33565.5117,33847.1613,33518.9223,33592.2792
2026-05-03 12:00:00,1777809600,33590.2644,33599.8928,32890.2780,33021.1992
2026-05-03 13:00:00,1777813200,33022.2335,33046.1032,32597.1257,32726.9241
2026-05-03 14:00:00,1777816800,32727.4601,33121.4609,32632.6416,33073.5347
2026-05-03 15:00:00,1777820400,33080.1978,33212.6597,32908.5693,33067.9893
2026-05-03 16:00:00,1777824000,33067.0537,33677.4846,33058.6639,33465.3079
2026-05-03 17:00:00,1777827600,33470.7240,33650.3543,33387.1201,33513.1209
2026-05-03 18:00:00,1777831200,33520.3848,34140.8495,33513.3076,33937.6496
2026-05-03 19:00:00,1777834800,33941.4220,34027.7660,33764.0492,33937.4745
2026-05-03 20:00:00,1777838400,33945.6820,34309.6359,33792.4723,34072.0970
2026-05-03 21:00:00,1777842000,34072.7453,34467.6301,34032.5057,34149.7780
2026-05-03 22:00:00,1777845600,34152.7056,34168.6280,33535.0601,33603.3603
2026-05-03 23:00:00,1777849200,33608.9462,33860.6893,33580.0207,33860.6893
2026-05-04 00:00:00,1777852800,33861.9197,33916.3948,33510.7229,33552.7699
2026-05-04 01:00:00,1777856400,33568.7951,33882.8914,33271.2427,33301.8259
2026-05-04 02:00:00,1777860000,33306.0890,33641.8158,33218.9086,33521.5349
2026-05-04 03:00:00,1777863600,33524.5272,33694.0743,33427.2105,33574.9799
2026-05-04 04:00:00,1777867200,33573.1696,33803.3144,33433.8074,33486.2409
2026-05-04 05:00:00,1777870800,33491.5040,33604.3187,33258.1905,33328.6743
2026-05-04 06:00:00,1777874400,33327.2362,33517.0906,33196.5245,33375.6812
2026-05-04 07:00:00,1777878000,33372.1645,33818.7585,33356.5152,33504.7832
2026-05-04 08:00:00,1777881600,33505.5017,33634.9674,33284.5954,33630.3636
2026-05-04 09:00:00,1777885200,33624.1678,33905.0518,33538.8566,33815.4782
2026-05-04 10:00:00,1777888800,33805.9831,33861.2592,33602.0450,33634.2353
2026-05-04 11:00:00,1777892400,33637.0258,34194.0259,33637.0258,34142.9738
2026-05-04 12:00:00,1777896000,34146.5412,34409.4631,34083.7469,34329.5664
2026-05-04 13:00:00,1777899600,34331.6020,34851.3959,34256.0864,34604.8873
2026-05-04 14:00:00,1777903200,34612.9697,34987.1788,34593.7518,34853.2405
2026-05-04 15:00:00,1777906800,34849.4079,35177.7112,34626.6741,35107.1850
2026-05-04 16:00:00,1777910400,35105.1512,35666.5082,35072.3112,35469.4118
2026-05-04 17:00:00,1777914000,35474.3265,35680.9331,35222.3640,35293.9601
2026-05-04 18:00:00,1777917600,35304.0337,35491.6985,35140.4669,35456.5755
2026-05-04 19:00:00,1777921200,35456.3620,35595.6415,35230.8971,35568.7455
2026-05-04 20:00:00,1777924800,35577.7653,35954.9167,35474.1644,35863.5020
2026-05-04 21:00:00,1777928400,35864.4596,36349.9775,35790.3921,36298.3896
2026-05-04 22:00:00,1777932000,36302.9267,36416.7317,35920.6219,35943.7927
2026-05-04 23:00:00,1777935600,35949.5034,36119.6509,35682.6955,36101.3372
2026-05-05 00:00:00,1777939200,36105.2497,36454.4131,36089.2047,36272.9133
2026-05-05 01:00:00,1777942800,36279.2858,36675.2110,36224.6596,36582.4409
2026-05-05 02:00:00,1777946400,36585.1448,36736.2369,36376.7961,36530.2597
2026-05-05 03:00:00,1777950000,36531.7156,36721.7801,36303.9481,36491.6779
2026-05-05 04:00:00,1777953600,36493.0442,36870.8100,36463.5023,36606.9733
2026-05-05 05:00:00,1777957200,36606.3334,36918.3059,36584.3611,36636.8987
2026-05-05 06:00:00,1777960800,36630.1965,36723.6638,36473.3121,36630.3281
2026-05-05 07:00:00,1777964400,36631.3048,36923.6278,36554.0194,36566.4860
2026-05-05 08:00:00,1777968000,36564.1554,36684.3417,36226.8485,36531.7963
2026-05-05 09:00:00,1777971600,36532.2217,36887.3150,36500.2180,36713.8801
2026-05-05 10:00:00,1777975200,36714.1408,37053.1343,36648.3470,36671.6290
2026-05-05 11:00:00,1777978800,36682.9816,36949.0176,36552.5606,36850.3259
2026-05-05 12:00:00,1777982400,36858.2039,37163.9700,36821.5909,37029.5336
2026-05-05 13:00:00,1777986000,37031.2748,37667.8458,36977.8211,37667.8458
2026-05-05 14:00:00,1777989600,37671.1302,37757.8794,37337.4678,37754.0726
2026-05-05 15:00:00,1777993200,37744.5415,38174.3226,37700.4175,38005.4004
2026-05-05 16:00:00,1777996800,38000.8356,38215.0418,37847.8512,37884.0742
2026-05-05 17:00:00,1778000400,37875.8212,38136.2563,37574.1956,37627.8571
2026-05-05 18:00:00,1778004000,37624.9381,37851.7548,37211.8433,37366.2243
2026-05-05 19:00:00,1778007600,37362.3265,37452.3227,37092.9130,37334.6427
2026-05-05 20:00:00,1778011200,37330.1427,37407.8298,36843.1280,37014.6181
2026-05-05 21:00:00,1778014800,37012.2323,37560.4276,37012.2323,37424.0841
2026-05-05 22:00:00,1778018400,37434.3118,37465.0600,36692.9502,36693.7277
2026-05-05 23:00:00,1778022000,36698.1222,36739.8878,36201.3650,36390.4394
2026-05-06 00:00:00,1778025600,36376.8116,36434.5247,36015.9692,36201.4888
2026-05-06 01:00:00,1778029200,36205.3315,36388.9727,36016.9557,36176.3718
2026-05-06 02:00:00,1778032800,36159.5306,36276.8154,35699.3671,36002.7915
2026-05-06 03:00:00,1778036400,36006.3125,36089.8665,35780.4786,35922.4594
2026-05-06 04:00:00,1778040000,35920.8048,35923.8984,35448.5346,35451.8933
2026-05-06 05:00:00,1778043600,35448.7854,35559.2930,35200.3714,35372.5274
2026-05-06 06:00:00,1778047200,35373.8233,35510.2765,35285.7544,35394.9295
2026-05-06 07:00:00,1778050800,35402.8898,35720.4278,35184.2076,35300.3619
2026-05-06 08:00:00,1778054400,35289.5115,35471.1377,35032.2827,35265.7463
2026-05-06 09:00:00,1778058000,35270.5280,35321.3262,35039.4864,35176.9552
2026-05-06 10:00:00,1778061600,35176.0653,35540.8002,35100.6034,35316.8140
2026-05-06 11:00:00,1778065200,35304.1748,35672.9616,35225.2758,35580.0554
2026-05-06 12:00:00,1778068800,35580.8064,35696.0157,35245.9946,35572.5000
2026-05-06 13:00:00,1778072400,35566.4753,35971.1588,35491.7566,35802.2741
2026-05-06 14:00:00,1778076000,35800.4728,36483.3699,35756.7298,36425.1854
2026-05-06 15:00:00,1778079600,36422.1677,36844.9774,36343.6372,36686.3766
2026-05-06 16:00:00,1778083200,36702.5296,36874.8830,36509.4389,36608.5014
2026-05-06 17:00:00,1778086800,36622.7875,36714.3794,36367.3310,36405.3934
2026-05-06 18:00:00,1778090400,36413.9638,36540.9901,36237.2217,36486.4648
2026-05-06 19:00:00,1778094000,36481.8269,36642.3753,36306.1731,36632.2795
2026-05-06 20:00:00,1778097600,36641.2969,36651.6418,36111.4374,36153.1726
2026-05-06 21:00:00,1778101200,36151.4793,36151.4793,35872.1597,36010.5521
2026-05-06 22:00:00,1778104800,36005.5644,36383.3243,35937.9380,36068.9391
2026-05-06 23:00:00,1778108400,36064.2344,36087.3526,35541.2308,35590.3736
2026-05-07 00:00:00,1778112000,35593.4875,35600.8362,35105.5901,35208.7596
2026-05-07 01:00:00,1778115600,35214.6997,35356.7040,35059.1420,35202.0192
2026-05-07 02:00:00,1778119200,35190.2446,35403.4296,35164.4989,35211.2165
2026-05-07 03:00:00,1778122800,35215.2425,35607.8283,35135.7611,35502.0503
2026-05-07 04:00:00,1778126400,35502.2061,35879.9159,35417.8960,35498.5728
2026-05-07 05:00:00,1778130000,35489.5622,35600.1575,35252.9245,35501.4100
2026-05-07 06:00:00,1778133600,35492.1344,35693.9561,35385.4776,35620.1485
2026-05-07 07:00:00,1778137200,35621.2160,35719.3255,35481.8324,35521.1033
2026-05-07 08:00:00,1778140800,35509.6375,35888.0152,35483.6133,35779.5316
2026-05-07 09:00:00,1778144400,35783.4823,35961.4329,35543.1534,35804.0484
2026-05-07 10:00:00,1778148000,35803.7780,36017.2627,35393.5372,35655.7332
2026-05-07 11:00:00,1778151600,35653.5051,35942.6128,35510.7228,35685.6193
2026-05-07 12:00:00,1778155200,35688.9677,35770.6491,35461.0768,35491.6387
2026-05-07 13:00:00,1778158800,35501.9693,35645.5005,35385.5352,35500.0200
2026-05-07 14:00:00,1778162400,35496.7878,35500.5897,35095.6886,35097.6995
2026-05-07 15:00:00,1778166000,35103.4352,35418.6176,34906.4804,35212.2879
2026-05-07 16:00:00,1778169600,35224.0052,35325.8231,34781.0607,34809.3346
2026-05-07 17:00:00,1778173200,34802.9598,34899.9730,34251.1847,34281.0824
2026-05-07 18:00:00,1778176800,34281.0323,34666.2616,34278.3468,34492.9755
2026-05-07 19:00:00,1778180400,34491.6247,34513.8966,34168.6071,34234.0648
2026-05-07 20:00:00,1778184000,34234.1933,34461.9734,34079.7149,34282.6277
2026-05-07 21:00:00,1778187600,34282.8026,34515.2259,34099.5500,34507.2698
2026-05-07 22:00:00,1778191200,34500.0604,34785.8763,34355.7203,34413.4280
2026-05-07 23:00:00,1778194800,34422.8414,34505.1944,34188.8106,34258.5432
2026-05-08 00:00:00,1778198400,34250.8624,34457.9828,34056.5159,34203.0858
2026-05-08 01:00:00,1778202000,34206.3535,34281.3619,34000.7603,34169.3565
2026-05-08 02:00:00,1778205600,34167.3337,34365.1407,33784.1903,33826.2248
2026-05-08 03:00:00,1778209200,33819.4078,33850.3202,33571.1593,33639.0657
2026-05-08 04:00:00,1778212800,33641.0626,34003.5563,33570.6500,33687.0564
2026-05-08 05:00:00,1778216400,33691.4587,34198.8822,33616.8364,34029.4104
2026-05-08 06:00:00,1778220000,34018.2124,34071.1759,33589.3771,33647.4454
2026-05-08 07:00:00,1778223600,33642.7069,33656.8879,33310.0420,33331.0551
2026-05-08 08:00:00,1778227200,33329.9882,33717.1709,33228.6819,33443.4930
2026-05-08 09:00:00,1778230800,33441.4184,33495.5684,33100.8117,33272.2414
2026-05-08 10:00:00,1778234400,33263.5971,33522.9988,33048.1494,33076.5957
2026-05-08 11:00:00,1778238000,33068.3633,33177.5137,32924.1441,33006.9471
2026-05-08 12:00:00,1778241600,33010.2833,33180.1277,32763.8330,32811.9733
2026-05-08 13:00:00,1778245200,32809.7929,33438.6713,32748.6306,33347.6209
2026-05-08 14:00:00,1778248800,33348.9895,33526.8081,32990.5300,33243.3518
2026-05-08 15:00:00,1778252400,33249.9918,33589.7564,33223.2902,33555.7829
2026-05-08 16:00:00,1778256000,33549.0013,33740.5058,33318.2390,33677.6518
2026-05-08 17:00:00,1778259600,33674.3461,34038.3759,33461.2683,34038.3759
2026-05-08 18:00:00,1778263200,34041.1630,34128.3760,33768.7042,33878.6938
2026-05-08 19:00:00,1778266800,33879.8768,34098.0363,33502.0212,33502.0212
2026-05-08 20:00:00,1778270400,33512.2783,33876.4009,33512.2783,33742.7402
2026-05-08 21:00:00,1778274000,33747.7896,34067.2605,33638.1210,34018.6623
2026-05-08 22:00:00,1778277600,34018.8528,34084.3662,33862.6058,34038.1474
2026-05-08 23:00:00,1778281200,34043.1089,34297.2302,33961.1236,34283.6311
2026-05-09 00:00:00,1778284800,34296.5452,34374.8895,33668.9172,33712.4105
2026-05-09 01:00:00,1778288400,33709.1219,34262.4859,33708.5637,34191.4655
2026-05-09 02:00:00,1778292000,34194.8826,34706.3747,34181.6045,34542.8209
2026-05-09 03:00:00,1778295600,34543.9951,34688.7588,34361.5283,34485.3651
2026-05-09 04:00:00,1778299200,34492.8121,34624.9511,34341.8110,34607.0965
2026-05-09 05:00:00,1778302800,34607.7512,34748.0996,34438.4720,34526.1182
2026-05-09 06:00:00,1778306400,34525.2885,34893.1025,34506.1054,34652.6416
2026-05-09 07:00:00,1778310000,34648.6506,35048.9425,34619.8152,34953.6379
2026-05-09 08:00:00,1778313600,34952.2400,35065.2231,34791.4273,34909.6222
2026-05-09 09:00:00,1778317200,34914.8807,35192.6625,34895.6230,35077.9513
2026-05-09 10:00:00,1778320800,35080.8085,35223.7221,34895.5305,35036.8281
2026-05-09 11:00:00,1778324400,35028.2011,35175.1573,34792.5497,34801.5588
2026-05-09 12:00:00,1778328000,34796.8526,34971.5181,34592.5285,34840.8791
2026-05-09 13:00:00,1778331600,34845.3528,34926.4774,34413.1875,34751.2583
2026-05-09 14:00:00,1778335200,34752.6429,34922.1457,34588.2309,34862.7714
2026-05-09 15:00:00,1778338800,34861.0411,34963.9591,34620.6815,34920.9956
2026-05-09 16:00:00,1778342400,34920.3559,35111.6163,34859.7175,35051.9737
2026-05-09 17:00:00,1778346000,35056.4772,35057.3732,34608.6089,34734.2850
2026-05-09 18:00:00,1778349600,34730.0706,35008.7913,34616.5067,34988.5905
2026-05-09 19:00:00,1778353200,34996.1069,35164.6696,34844.1267,34896.8078
2026-05-09 20:00:00,1778356800,34903.2796,34906.9561,34235.9381,34260.1066
2026-05-09 21:00:00,1778360400,34258.9241,34464.7381,34045.4585,34102.9212
2026-05-09 22:00:00,1778364000,34100.8478,34343.0535,33948.5046,34049.2876
2026-05-09 23:00:00,1778367600,34042.9140,34213.9967,33926.5547,34013.5645
2026-05-10 00:00:00,1778371200,34014.3451,34165.8012,33903.7546,34070.4269
2026-05-10 01:00:00,1778374800,34075.8348,34141.1180,33711.0344,33792.5153
2026-05-10 02:00:00,1778378400,33790.8846,34061.8808,33637.3428,34029.5023
2026-05-10 03:00:00,1778382000,34017.1747,34277.5272,33906.4762,34033.5780
2026-05-10 04:00:00,1778385600,34025.2012,34089.3152,33639.3189,34066.1706
2026-05-10 05:00:00,1778389200,34062.2106,34520.9093,34033.4012,34349.3639
2026-05-10 06:00:00,1778392800,34355.4151,34678.8482,34353.6253,34638.3712
2026-05-10 07:00:00,1778396400,34631.1734,34710.9595,34107.5887,34132.8843
2026-05-10 08:00:00,1778400000,34129.5540,34335.2504,34004.4431,34189.7480
2026-05-10 09:00:00,1778403600,34193.3600,34629.7220,34161.7522,34499.0398
2026-05-10 10:00:00,1778407200,34494.4316,34831.1057,34494.4316,34796.3477
2026-05-10 11:00:00,1778410800,34792.3022,34884.5917,34576.6258,34867.5726
2026-05-10 12:00:00,1778414400,34872.3783,34899.9646,34552.6677,34664.7717
2026-05-10 13:00:00,1778418000,34673.1897,34962.9505,34644.3660,34944.9830
2026-05-10 14:00:00,1778421600,34947.9381,35020.0065,34554.8105,34785.3780
2026-05-10 15:00:00,1778425200,34785.3307,34813.0015,34442.6314,34608.2633
2026-05-10 16:00:00,1778428800,34603.5493,34859.4748,34483.6241,34832.7387
2026-05-10 17:00:00,1778432400,34830.0587,34878.5495,34593.6878,34674.3852
2026-05-10 18:00:00,1778436000,34675.7691,34967.3104,34525.9522,34895.1689
2026-05-10 19:00:00,1778439600,34905.7169,34912.0047,34690.4853,34766.1656
2026-05-10 20:00:00,1778443200,34768.1725,34979.6128,34715.6556,34860.5183
2026-05-10 21:00:00,1778446800,34858.2869,34869.9568,34492.2750,34666.7779
2026-05-10 22:00:00,1778450400,34663.7507,34798.7679,34440.8924,34454.6799
2026-05-10 23:00:00,1778454000,34457.9199,34987.9717,34398.5221,34967.5790
2026-05-11 00:00:00,1778457600,34973.0988,35001.2446,34459.2430,34467.9422
2026-05-11 01:00:00,1778461200,34457.9181,34494.8412,34056.6217,34099.5192
2026-05-11 02:00:00,1778464800,34097.5636,34230.2054,33968.0345,34124.3971
2026-05-11 03:00:00,1778468400,34122.7499,34170.8059,33840.8755,34093.0534
2026-05-11 04:00:00,1778472000,34099.1181,34317.8432,33821.7092,34262.0023
2026-05-11 05:00:00,1778475600,34272.5651,34409.2847,34145.8030,34201.3664
2026-05-11 06:00:00,1778479200,34199.2365,34580.1192,33976.2415,34088.2350
2026-05-11 07:00:00,1778482800,34097.4447,34299.6699,33931.2255,34078.0107
2026-05-11 08:00:00,1778486400,34080.4908,34265.5448,33909.9533,33942.1546
2026-05-11 09:00:00,1778490000,33948.4891,34054.3466,33815.9835,33989.4360
2026-05-11 10:00:00,1778493600,33986.3123,34336.5682,33878.0829,34227.1163
2026-05-11 11:00:00,1778497200,34226.4764,34277.2737,33905.1575,33959.7106
2026-05-11 12:00:00,1778500800,33964.9857,33986.6028,33694.3465,33877.0735
2026-05-11 13:00:00,1778504400,33868.5794,34189.4212,33774.4263,34120.2537
2026-05-11 14:00:00,1778508000,34117.6622,34299.0255,33774.5201,33862.1163
2026-05-11 15:00:00,1778511600,33859.5589,34138.9687,33798.0173,33843.1315
2026-05-11 16:00:00,1778515200,33833.3193,34158.5887,33704.0007,33736.9067
2026-05-11 17:00:00,1778518800,33739.4066,33792.8786,33569.1835,33616.1103
2026-05-11 18:00:00,1778522400,33613.3333,33803.9571,33226.8369,33233.3660
2026-05-11 19:00:00,1778526000,33223.5513,33312.7354,33058.3589,33195.5663
2026-05-11 20:00:00,1778529600,33191.6676,33320.2192,33033.5837,33262.8021
2026-05-11 21:00:00,1778533200,33256.0702,33289.3972,32420.8502,32480.7061
2026-05-11 22:00:00,1778536800,32485.3575,32823.2898,32420.1666,32710.4145
2026-05-11 23:00:00,1778540400,32706.0029,33019.1541,32588.1328,32702.7352
2026-05-12 00:00:00,1778544000,32703.2229,32933.1149,32644.7736,32752.4210
2026-05-12 01:00:00,1778547600,32758.1409,33001.7660,32537.1731,32559.5853
2026-05-12 02:00:00,1778551200,32559.8020,32836.3748,32430.6682,32569.1516
2026-05-12 03:00:00,1778554800,32566.9980,32640.6172,32361.5958,32469.3033
2026-05-12 04:00:00,1778558400,32463.1250,32853.2819,32425.1999,32561.0571
2026-05-12 05:00:00,1778562000,32564.5213,32666.7131,32422.3527,32597.2620
2026-05-12 06:00:00,1778565600,32589.2645,32690.4604,32397.2618,32662.8717
2026-05-12 07:00:00,1778569200,32655.5429,32762.8058,32289.8635,32505.6903
2026-05-12 08:00:00,1778572800,32512.8685,32565.8521,31915.3097,31920.7262
2026-05-12 09:00:00,1778576400,31906.7882,31920.9992,31303.7941,31416.8548
2026-05-12 10:00:00,1778580000,31418.6825,31552.7602,31180.9489,31180.9489
2026-05-12 11:00:00,1778583600,31193.4033,31434.6622,31187.5695,31382.3991
2026-05-12 12:00:00,1778587200,31381.9359,31457.6997,31170.2834,31451.4558
2026-05-12 13:00:00,1778590800,31450.5754,31644.1974,31344.6375,31474.7619
2026-05-12 14:00:00,1778594400,31469.0771,31497.3751,30938.8207,31263.3169
2026-05-12 15:00:00,1778598000,31263.9624,31478.6710,31080.3364,31375.5030
2026-05-12 16:00:00,1778601600,31378.9574,32022.7700,31378.9574,31697.5285
2026-05-12 17:00:00,1778605200,31708.4268,31825.5448,31392.7437,31497.9862
2026-05-12 18:00:00,1778608800,31511.1913,31844.0775,31501.3542,31617.6833
2026-05-12 19:00:00,1778612400,31620.1588,31630.1795,31132.7500,31281.7735
2026-05-12 20:00:00,1778616000,31280.8630,31666.1602,31203.1057,31658.1023
2026-05-12 21:00:00,1778619600,31667.3475,31854.7131,31489.3615,31686.4123
2026-05-12 22:00:00,1778623200,31692.9241,32018.2390,31595.6995,31961.4502
2026-05-12 23:00:00,1778626800,31946.5356,32209.0727,31851.0610,31943.3964
2026-05-13 00:00:00,1778630400,31953.0650,32184.5104,31920.3490,31992.2292
2026-05-13 01:00:00,1778634000,31997.1650,32199.5155,31873.6406,32135.2324
2026-05-13 02:00:00,1778637600,32127.7550,32215.2771,31754.9694,32105.5699
2026-05-13 03:00:00,1778641200,32105.2590,32357.3512,32060.5999,32287.3727
2026-05-13 04:00:00,1778644800,32292.7803,32400.2434,32112.8360,32154.7709
2026-05-13 05:00:00,1778648400,32160.9419,32420.3998,32092.2816,32297.6735
2026-05-13 06:00:00,1778652000,32303.6180,32543.9895,32095.9283,32391.6707
2026-05-13 07:00:00,1778655600,32395.2531,32582.4407,32175.1978,32190.8351
2026-05-13 08:00:00,1778659200,32196.7432,32236.3353,31474.2373,31486.5820
2026-05-13 09:00:00,1778662800,31484.0672,31490.3641,31254.8448,31328.5444
2026-05-13 10:00:00,1778666400,31336.7712,31515.2737,31291.4035,31391.6249
2026-05-13 11:00:00,1778670000,31390.1335,31631.9806,31320.8852,31571.8966
2026-05-13 12:00:00,1778673600,31580.3500,31887.5595,31487.7584,31595.0394
2026-05-13 13:00:00,1778677200,31586.4426,31586.4426,30902.0780,30965.4893
2026-05-13 14:00:00,1778680800,30960.0158,31301.8926,30782.6482,31280.6222
2026-05-13 15:00:00,1778684400,31277.4702,31357.8212,31141.8849,31152.4176
2026-05-13 16:00:00,1778688000,31147.5726,31211.4114,30853.5201,30901.8316
2026-05-13 17:00:00,1778691600,30907.4499,31242.9922,30859.7753,30953.2999
2026-05-13 18:00:00,1778695200,30943.2405,31039.0033,30533.1857,30604.5921
2026-05-13 19:00:00,1778698800,30608.7612,30788.4878,30447.2799,30721.9473
2026-05-13 20:00:00,1778702400,30717.8006,30779.8559,30446.2604,30579.3827
2026-05-13 21:00:00,1778706000,30584.3349,31007.8964,30432.0565,30894.3896
2026-05-13 22:00:00,1778709600,30888.9949,31275.4808,30754.0044,31258.9522
2026-05-13 23:00:00,1778713200,31260.1092,31383.6636,30956.8556,31001.1252
2026-05-14 00:00:00,1778716800,31000.3692,31000.3692,30483.0250,30584.1052
2026-05-14 01:00:00,1778720400,30585.8863,30663.0165,30359.6490,30458.5138
2026-05-14 02:00:00,1778724000,30456.6087,30835.7646,30444.2548,30667.0224
2026-05-14 03:00:00,1778727600,30665.4458,30993.9238,30530.7388,30662.2581
2026-05-14 04:00:00,1778731200,30659.9918,30712.5883,30319.4476,30376.2400
2026-05-14 05:00:00,1778734800,30375.2334,30659.1413,30375.2334,30504.7386
2026-05-14 06:00:00,1778738400,30494.3972,30591.0239,30194.4100,30227.9840
2026-05-14 07:00:00,1778742000,30221.3824,30389.6212,30111.0812,30225.0765
2026-05-14 08:00:00,1778745600,30229.8261,30350.8991,30047.1940,30194.1440
2026-05-14 09:00:00,1778749200,30198.9006,30221.6786,29888.5918,30005.5679
2026-05-14 10:00:00,1778752800,30012.2474,30119.6877,29812.7944,29949.4875
2026-05-14 11:00:00,1778756400,29943.2567,30403.8352,29841.1127,30317.3051
2026-05-14 12:00:00,1778760000,30316.6611,30577.2156,30103.9073,30521.0768
2026-05-14 13:00:00,1778763600,30516.7675,30765.6400,30473.9490,30629.0413
2026-05-14 14:00:00,1778767200,30622.7543,31082.4344,30571.5423,31032.3727
2026-05-14 15:00:00,1778770800,31041.7786,31103.8831,30729.3387,30967.1124
2026-05-14 16:00:00,1778774400,30963.1437,31190.0281,30862.7093,31019.7259
2026-05-14 17:00:00,1778778000,31028.5013,31064.2230,30609.4146,30634.3207
2026-05-14 18:00:00,1778781600,30642.8728,30967.2509,30625.8695,30907.1810
2026-05-14 19:00:00,1778785200,30900.2192,31008.5447,30735.6480,30735.6480
2026-05-14 20:00:00,1778788800,30729.7566,30737.6142,30316.1175,30454.8993
2026-05-14 21:00:00,1778792400,30457.1815,30844.0845,30350.4669,30793.9116
2026-05-14 22:00:00,1778796000,30786.8911,31348.3247,30785.5865,31167.3996
2026-05-14 23:00:00,1778799600,31168.4069,31418.1053,31068.3882,31147.3953
2026-05-15 00:00:00,1778803200,31152.0395,31781.4561,31132.6243,31630.4983
2026-05-15 01:00:00,1778806800,31633.2292,31685.1973,31339.5315,31544.4254
2026-05-15 02:00:00,1778810400,31538.5056,31673.9575,31431.2239,31525.2934
2026-05-15 03:00:00,1778814000,31520.7871,31855.0847,31199.1756,31814.0082
2026-05-15 04:00:00,1778817600,31812.3930,32141.7900,31644.0976,32113.2977
2026-05-15 05:00:00,1778821200,32109.7514,32325.2975,31832.6628,31907.0666
2026-05-15 06:00:00,1778824800,31897.7985,32002.7287,31672.3064,31672.3064
2026-05-15 07:00:00,1778828400,31674.6494,31879.7530,31545.7305,31604.6773
2026-05-15 08:00:00,1778832000,31599.4102,31610.8895,31256.7821,31360.8023
2026-05-15 09:00:00,1778835600,31367.4040,31409.8423,30621.3252,30722.3198
2026-05-15 10:00:00,1778839200,30724.0515,30868.3553,30576.2192,30857.7586
2026-05-15 11:00:00,1778842800,30864.3852,31059.9645,30569.4954,31059.9645
2026-05-15 12:00:00,1778846400,31044.2310,31049.5213,30590.1898,30845.0312
2026-05-15 13:00:00,1778850000,30853.8354,30860.6684,30660.7030,30738.7124
2026-05-15 14:00:00,1778853600,30728.9197,30845.5587,30601.0983,30737.4173
2026-05-15 15:00:00,1778857200,30736.9454,30892.0680,30303.3597,30324.0209
2026-05-15 16:00:00,1778860800,30330.5216,30375.3891,30105.1648,30196.7267
2026-05-15 17:00:00,1778864400,30196.8868,30405.3896,30098.1470,30369.6896
2026-05-15 18:00:00,1778868000,30361.1152,30579.8640,30329.0098,30429.6338
2026-05-15 19:00:00,1778871600,30413.5366,30596.6282,30329.9661,30345.9044
2026-05-15 20:00:00,1778875200,30355.3456,30514.2018,30160.6480,30189.9664
2026-05-15 21:00:00,1778878800,30186.3405,30398.3966,30071.4064,30268.3241
2026-05-15 22:00:00,1778882400,30260.5136,30426.5882,30122.4930,30286.1793
2026-05-15 23:00:00,1778886000,30282.8137,30322.6907,29856.6959,29939.3569
2026-05-16 00:00:00,1778889600,29934.8802,30100.8153,29814.4949,29945.3567
2026-05-16 01:00:00,1778893200,29945.5113,30138.0829,29911.8158,29942.7186
2026-05-16 02:00:00,1778896800,29941.8805,30118.4806,29720.0773,29811.1803
2026-05-16 03:00:00,1778900400,29810.1643,30036.0198,29719.0428,29767.5005
2026-05-16 04:00:00,1778904000,29761.7968,30237.4490,29678.7069,30078.2540
2026-05-16 05:00:00,1778907600,30082.8426,30339.8231,30035.8803,30165.6585
2026-05-16 06:00:00,1778911200,30174.3012,30200.1726,29639.5599,29639.5599
2026-05-16 07:00:00,1778914800,29642.2363,29738.7427,29462.8072,29517.8019
2026-05-16 08:00:00,1778918400,29525.4502,29577.4424,28924.0642,29009.8818
2026-05-16 09:00:00,1778922000,29001.7961,29072.3740,28652.6829,28730.6654
2026-05-16 10:00:00,1778925600,28739.9838,28787.1366,28417.1417,28524.7618
2026-05-16 11:00:00,1778929200,28515.9136,28561.0543,28061.5529,28149.8863
2026-05-16 12:00:00,1778932800,28157.6529,28419.1137,28119.3991,28358.4772
2026-05-16 13:00:00,1778936400,28349.7643,28546.3897,28244.4919,28269.0139
2026-05-16 14:00:00,1778940000,28268.3860,28353.3836,28033.9153,28148.3537
2026-05-16 15:00:00,1778943600,28136.0345,28174.2297,27892.4945,28075.8447
2026-05-16 16:00:00,1778947200,28077.4189,28296.1546,28014.0150,28102.4002
2026-05-16 17:00:00,1778950800,28096.5995,28127.1204,27678.8092,27752.8417
2026-05-16 18:00:00,1778954400,27759.6905,27774.6710,27345.8002,27523.5156
2026-05-16 19:00:00,1778958000,27532.9712,27706.2342,27465.9967,27589.9210
2026-05-16 20:00:00,1778961600,27578.2456,27629.2111,27125.0009,27125.0009
2026-05-16 21:00:00,1778965200,27128.0991,27227.5282,26939.6282,26978.9028
2026-05-16 22:00:00,1778968800,26984.1401,26987.8036,26496.1305,26619.7966
2026-05-16 23:00:00,1778972400,26615.2749,26678.5524,26447.4028,26600.6061
2026-05-17 00:00:00,1778976000,26601.4638,26673.4385,26485.0694,26582.4071
2026-05-17 01:00:00,1778979600,26581.0112,26747.5404,26486.5604,26587.8503
2026-05-17 02:00:00,1778983200,26594.0722,26844.0357,26570.1637,26691.1112
2026-05-17 03:00:00,1778986800,26693.3565,26836.4280,26568.6776,26745.2291
2026-05-17 04:00:00,1778990400,26743.3475,27007.0329,26737.1701,26789.5258
2026-05-17 05:00:00,1778994000,26789.2950,27158.2069,26765.1089,27127.1428
2026-05-17 06:00:00,1778997600,27118.4182,27200.5086,27051.3557,27175.0521
2026-05-17 07:00:00,1779001200,27171.6233,27185.0169,26886.5321,27003.5060
2026-05-17 08:00:00,1779004800,26998.7604,27051.3243,26761.7055,26795.5460
2026-05-17 09:00:00,1779008400,26790.7924,26965.6611,26732.5981,26936.5570
2026-05-17 10:00:00,1779012000,26941.2352,26972.6380,26692.7908,26850.4034
2026-05-17 11:00:00,1779015600,26855.1239,26992.4901,26711.6178,26820.6007
2026-05-17 12:00:00,1779019200,26821.5206,27261.7347,26821.5206,27185.0904
2026-05-17 13:00:00,1779022800,27185.4029,27242.3848,26982.6926,27031.4329
2026-05-17 14:00:00,1779026400,27041.5343,27225.3787,26743.6080,26852.7144
2026-05-17 15:00:00,1779030000,26864.9802,27078.3368,26800.7888,27034.4476
2026-05-17 16:00:00,1779033600,27033.9002,27255.7553,27000.8270,27252.8557
2026-05-17 17:00:00,1779037200,27253.1371,27394.6527,27188.5426,27338.7758
2026-05-17 18:00:00,1779040800,27342.2839,27670.6551,27332.1750,27524.5166
2026-05-17 19:00:00,1779044400,27521.4033,27719.4331,27455.9623,27600.2862
2026-05-17 20:00:00,1779048000,27612.9736,27768.0353,27291.9420,27314.0465
2026-05-17 21:00:00,1779051600,27316.9868,27678.6205,27316.9868,27604.0025
2026-05-17 22:00:00,1779055200,27599.6834,27652.1983,27112.5048,27509.6192
2026-05-17 23:00:00,1779058800,27513.8680,27579.9439,27341.4653,27427.9669
2026-05-18 00:00:00,1779062400,27431.0808,27495.4547,27045.9062,27257.0682
2026-05-18 01:00:00,1779066000,27260.1328,27385.2121,27108.2501,27212.1601
2026-05-18 02:00:00,1779069600,27211.2979,27355.0434,27094.0751,27224.6508
2026-05-18 03:00:00,1779073200,27223.1586,27496.3222,27223.1586,27409.1480
2026-05-18 04:00:00,1779076800,27411.4691,27426.4250,26901.1449,26923.2887
2026-05-18 05:00:00,1779080400,26914.8408,26914.8408,26694.1423,26793.0756
2026-05-18 06:00:00,1779084000,26784.2835,26987.4056,26680.3162,26682.7228
2026-05-18 07:00:00,1779087600,26691.3777,26717.7652,26340.4309,26468.9518
2026-05-18 08:00:00,1779091200,26482.5793,26626.9068,26324.9343,26417.6395
2026-05-18 09:00:00,1779094800,26422.7875,26904.6445,26320.0448,26824.9942
2026-05-18 10:00:00,1779098400,26828.7960,26917.4758,26528.1917,26541.0454
2026-05-18 11:00:00,1779102000,26538.5772,26547.5432,26067.2063,26425.1656
2026-05-18 12:00:00,1779105600,26419.7808,26736.6695,26386.8421,26639.7573
2026-05-18 13:00:00,1779109200,26644.4178,26672.3114,26125.1089,26254.5454
2026-05-18 14:00:00,1779112800,26262.6457,27006.8272,26262.6457,26823.1329
2026-05-18 15:00:00,1779116400,26816.6473,26893.6630,26683.9202,26783.8483
2026-05-18 16:00:00,1779120000,26783.0752,26851.5582,26640.4609,26719.6547
2026-05-18 17:00:00,1779123600,26717.9532,26821.6830,26532.1765,26685.0341
2026-05-18 18:00:00,1779127200,26683.3640,26711.8719,26488.2333,26640.5087
2026-05-18 19:00:00,1779130800,26644.5797,26673.8488,26394.6872,26431.8973
2026-05-18 20:00:00,1779134400,26435.5245,26806.1407,26349.5086,26623.6638
2026-05-18 21:00:00,1779138000,26625.5927,26732.3672,26483.5059,26555.5326
2026-05-18 22:00:00,1779141600,26564.5502,26800.9838,26560.8535,26766.0175
2026-05-18 23:00:00,1779145200,26761.9778,26950.1736,26700.5833,26875.4483
2026-05-19 00:00:00,1779148800,26875.0300,26962.3710,26738.6482,26876.3572
2026-05-19 01:00:00,1779152400,26874.3167,26938.5026,26722.1993,26760.5160
2026-05-19 02:00:00,1779156000,26753.3653,27095.6363,26689.6445,26918.4510
2026-05-19 03:00:00,1779159600,26935.5769,27000.1664,26585.4966,26591.2743
2026-05-19 04:00:00,1779163200,26589.5455,26984.3632,26327.5954,26983.9862
2026-05-19 05:00:00,1779166800,26990.8969,26998.2901,26730.2953,26769.1934
2026-05-19 06:00:00,1779170400,26768.9759,26909.6664,26683.1305,26734.2764
2026-05-19 07:00:00,1779174000,26729.3348,27293.1220,26722.3547,27268.4306
2026-05-19 08:00:00,1779177600,27270.2023,27387.3818,26766.8515,26899.5548
2026-05-19 09:00:00,1779181200,26888.4172,26995.0356,26723.6852,26832.8045
2026-05-19 10:00:00,1779184800,26828.6812,27063.9392,26737.9832,26805.9325
2026-05-19 11:00:00,1779188400,26803.1560,27019.2662,26649.3404,26984.2155
2026-05-19 12:00:00,1779192000,26977.8912,26978.8631,26495.3017,26508.3960
2026-05-19 13:00:00,1779195600,26501.1636,26775.3999,26485.4832,26708.7102
2026-05-19 14:00:00,1779199200,26711.7581,26918.5278,26648.5679,26766.2671
2026-05-19 15:00:00,1779202800,26765.7343,26932.3064,26687.7127,26917.9366
2026-05-19 16:00:00,1779206400,26920.3094,26963.7574,26620.0395,26672.1676
2026-05-19 17:00:00,1779210000,26671.5763,26959.4285,26532.2390,26659.6040
2026-05-19 18:00:00,1779213600,26655.6571,26925.2746,26583.4956,26911.1449
2026-05-19 19:00:00,1779217200,26914.0701,26931.3439,26613.3154,26629.9776
2026-05-19 20:00:00,1779220800,26631.7513,27024.0737,26554.6348,26937.9671
2026-05-19 21:00:00,1779224400,26929.7719,27493.4999,26898.2796,27441.0607
2026-05-19 22:00:00,1779228000,27433.8552,27631.2866,27156.5588,27162.7698
2026-05-19 23:00:00,1779231600,27172.7153,27243.1337,26920.0989,27006.6146
2026-05-20 00:00:00,1779235200,27004.3650,27091.5436,26887.6447,26969.5461
2026-05-20 01:00:00,1779238800,26970.1733,27020.5071,26650.5944,26991.2087
2026-05-20 02:00:00,1779242400,26985.1911,27042.9688,26829.6339,26880.3011
2026-05-20 03:00:00,1779246000,26885.0768,27048.0013,26801.3210,26809.5572
2026-05-20 04:00:00,1779249600,26806.7866,26932.2234,26709.9450,26764.8258
2026-05-20 05:00:00,1779253200,26774.5857,26963.5844,26688.7992,26812.3668
2026-05-20 06:00:00,1779256800,26825.4278,27232.6912,26753.3287,27232.6912
2026-05-20 07:00:00,1779260400,27232.1226,27384.8834,27149.2391,27371.7975
2026-05-20 08:00:00,1779264000,27366.6018,27436.0263,27093.8798,27187.2364
2026-05-20 09:00:00,1779267600,27183.7083,27683.1374,27159.4913,27554.5511
2026-05-20 10:00:00,1779271200,27555.5213,27749.6650,27411.3908,27631.7035
2026-05-20 11:00:00,1779274800,27640.4978,27816.2076,27500.2908,27764.7630
2026-05-20 12:00:00,1779278400,27763.7596,27997.8144,27700.1894,27721.6187
2026-05-20 13:00:00,1779282000,27716.2000,27772.0153,27260.9455,27336.4682
2026-05-20 14:00:00,1779285600,27338.8928,27394.0778,27138.2350,27374.2498
2026-05-20 15:00:00,1779289200,27376.3604,27530.5459,27350.3012,27385.7866
2026-05-20 16:00:00,1779292800,27374.6597,27606.4929,27254.9580,27334.8993
2026-05-20 17:00:00,1779296400,27336.3391,27590.6391,27295.6114,27433.2438
2026-05-20 18:00:00,1779300000,27434.4854,27441.7243,27142.7454,27255.9745
2026-05-20 19:00:00,1779303600,27254.5306,27321.4518,27116.5868,27199.8586
2026-05-20 20:00:00,1779307200,27188.2843,27622.0803,27178.3437,27569.1597
2026-05-20 21:00:00,1779310800,27568.7188,27610.5071,26869.1487,26880.6472
2026-05-20 22:00:00,1779314400,26879.0777,27292.5226,26719.1336,27278.2094
2026-05-20 23:00:00,1779318000,27275.8797,27775.3883,27273.7365,27543.5785
2026-05-21 00:00:00,1779321600,27542.5112,27843.9021,27507.0834,27818.8180
2026-05-21 01:00:00,1779325200,27817.8475,28136.8957,27805.7115,28064.6224
2026-05-21 02:00:00,1779328800,28067.6866,28229.2489,27992.4399,28197.3631
2026-05-21 03:00:00,1779332400,28202.8859,28219.2952,27778.5746,27778.6693
2026-05-21 04:00:00,1779336000,27780.7610,28022.9187,27641.3077,27906.8696
2026-05-21 05:00:00,1779339600,27899.5953,28056.3335,27799.4048,28014.5380
2026-05-21 06:00:00,1779343200,28011.8217,28114.3972,27767.4775,27999.3467
2026-05-21 07:00:00,1779346800,27999.1124,28140.0738,27880.0104,27993.2983
2026-05-21 08:00:00,1779350400,27994.6862,28180.4474,27845.9238,28124.7688
2026-05-21 09:00:00,1779354000,28134.6661,28293.1859,27869.0897,28212.3974
2026-05-21 10:00:00,1779357600,28205.8845,28243.2138,27975.6096,28188.3834
2026-05-21 11:00:00,1779361200,28178.8819,28336.2325,28121.1059,28285.2132
2026-05-21 12:00:00,1779364800,28294.9788,28375.5945,27951.3281,28023.2925
2026-05-21 13:00:00,1779368400,28027.0149,28231.4910,27852.0075,27941.0347
2026-05-21 14:00:00,1779372000,27941.5676,27944.4754,27158.1468,27320.6935
2026-05-21 15:00:00,1779375600,27325.8075,27716.0802,27325.8075,27634.4972
2026-05-21 16:00:00,1779379200,27627.8342,27663.5386,27332.2303,27375.5270
2026-05-21 17:00:00,1779382800,27383.5155,27410.7394,27151.8921,27279.7327
2026-05-21 18:00:00,1779386400,27272.6621,27552.7216,27209.8106,27451.3076
2026-05-21 19:00:00,1779390000,27456.0951,27568.3399,27068.3599,27076.6129
2026-05-21 20:00:00,1779393600,27075.3253,27122.2671,26805.9704,27034.2716
2026-05-21 21:00:00,1779397200,27044.8995,27211.7491,26881.4608,27174.5048
2026-05-21 22:00:00,1779400800,27168.6332,27274.6989,26928.7036,27136.7411
2026-05-21 23:00:00,1779404400,27129.8058,27421.7480,27099.0964,27402.6582
2026-05-22 00:00:00,1779408000,27407.3196,27489.0716,27249.2098,27250.2322
2026-05-22 01:00:00,1779411600,27250.4611,27319.1115,27124.7666,27198.0126
2026-05-22 02:00:00,1779415200,27203.8376,27275.5087,27016.4256,27233.7143
2026-05-22 03:00:00,1779418800,27232.2689,27560.3818,27176.8244,27477.2853
2026-05-22 04:00:00,1779422400,27480.4258,27746.3913,27396.1377,27700.6119
2026-05-22 05:00:00,1779426000,27696.9315,27944.8257,27598.0682,27812.8809
2026-05-22 06:00:00,1779429600,27814.9798,27859.3492,27481.5446,27496.7047
2026-05-22 07:00:00,1779433200,27497.0917,27613.5668,27342.6117,27581.9210
2026-05-22 08:00:00,1779436800,27590.0946,27699.2626,27436.8499,27463.6709
2026-05-22 09:00:00,1779440400,27464.8275,27842.8474,27463.7441,27641.5934
2026-05-22 10:00:00,1779444000,27637.4290,28126.4546,27588.8489,28108.1093
2026-05-22 11:00:00,1779447600,28110.1142,28178.9889,27963.6791,28029.2193
2026-05-22 12:00:00,1779451200,28041.1453,28210.3672,27864.5062,28150.6921
2026-05-22 13:00:00,1779454800,28142.2878,28229.6523,27972.8557,28005.5686
2026-05-22 14:00:00,1779458400,27998.2128,28026.4784,27688.6456,27826.9831
2026-05-22 15:00:00,1779462000,27826.7853,27900.7153,27573.1401,27721.7192
2026-05-22 16:00:00,1779465600,27726.5429,27832.1956,27238.5766,27297.1530
2026-05-22 17:00:00,1779469200,27287.1803,27393.3710,26964.3830,27015.2386
2026-05-22 18:00:00,1779472800,27011.9241,27051.1278,26459.3861,26550.0364
2026-05-22 19:00:00,1779476400,26552.8235,26836.3945,26549.7128,26753.8634
2026-05-22 20:00:00,1779480000,26749.2416,26933.8450,26685.3001,26904.7158
2026-05-22 21:00:00,1779483600,26909.5131,27124.5930,26752.7885,27051.4743
2026-05-22 22:00:00,1779487200,27046.3529,27333.6155,26939.5063,27302.4139
2026-05-22 23:00:00,1779490800,27299.4146,27757.6491,27262.9972,27731.9140
2026-05-23 00:00:00,1779494400,27726.4411,27926.3325,27506.7010,27724.2018
2026-05-23 01:00:00,1779498000,27723.9126,28125.8510,27570.6323,28105.0763
2026-05-23 02:00:00,1779501600,28103.6531,28175.6573,27860.1057,27926.9286
2026-05-23 03:00:00,1779505200,27927.5937,28027.5960,27755.2874,27990.7341
2026-05-23 04:00:00,1779508800,27999.1885,28063.0324,27716.4507,27949.9709
2026-05-23 05:00:00,1779512400,27953.8221,28302.6208,27924.3485,28221.2463
2026-05-23 06:00:00,1779516000,28217.0716,28398.6584,28115.0833,28351.0430
2026-05-23 07:00:00,1779519600,28355.6622,28634.0705,28248.4433,28528.9621
2026-05-23 08:00:00,1779523200,28530.0707,28879.2737,28508.0482,28686.2703
2026-05-23 09:00:00,1779526800,28688.9211,28781.7364,28249.3241,28266.1512
2026-05-23 10:00:00,1779530400,28274.2234,28321.6572,28025.2276,28078.0214
2026-05-23 11:00:00,1779534000,28085.3747,28210.6384,27781.7889,28018.8963
2026-05-23 12:00:00,1779537600,28016.0949,28717.3073,27988.1775,28698.9957
2026-05-23 13:00:00,1779541200,28701.1804,28787.1008,28399.8137,28776.4241
2026-05-23 14:00:00,1779544800,28769.3990,28777.0241,28214.2353,28242.0277
2026-05-23 15:00:00,1779548400,28234.9143,28291.3955,28087.3521,28192.6622
2026-05-23 16:00:00,1779552000,28192.8418,28376.5797,27981.0110,28356.2184
2026-05-23 17:00:00,1779555600,28354.2294,28411.3017,28086.4549,28121.4911
2026-05-23 18:00:00,1779559200,28123.2970,28183.8758,27852.5692,28020.5426
2026-05-23 19:00:00,1779562800,28004.1968,28467.5960,27822.7441,28398.1650
2026-05-23 20:00:00,1779566400,28399.4454,28639.3665,28361.6477,28366.9160
2026-05-23 21:00:00,1779570000,28364.5439,28613.7911,28215.3867,28514.6265
2026-05-23 22:00:00,1779573600,28513.8196,28648.4654,28254.1635,28418.7211
2026-05-23 23:00:00,1779577200,28422.0533,28889.8128,28362.2245,28842.5596
2026-05-24 00:00:00,1779580800,28841.3827,28967.3107,28744.4871,28810.1838
2026-05-24 01:00:00,1779584400,28811.0921,29028.2480,28738.9431,28875.0941
2026-05-24 02:00:00,1779588000,28876.6933,28975.8230,28561.5441,28860.0079
2026-05-24 03:00:00,1779591600,28864.7939,29054.3572,28674.3624,28962.3271
2026-05-24 04:00:00,1779595200,28960.2600,29160.8919,28856.6728,29144.9310
2026-05-24 05:00:00,1779598800,29144.2394,29309.5385,28957.2559,28959.8301
2026-05-24 06:00:00,1779602400,28960.1980,29254.7424,28935.6678,29167.9511
2026-05-24 07:00:00,1779606000,29167.9851,29445.7048,29092.2529,29317.6574
2026-05-24 08:00:00,1779609600,29309.0245,29542.2126,29258.6875,29431.4044
2026-05-24 09:00:00,1779613200,29431.7989,29601.8879,29373.2740,29472.0015
2026-05-24 10:00:00,1779616800,29476.0325,29605.9743,29336.1750,29539.9100
2026-05-24 11:00:00,1779620400,29550.1963,29679.6551,29411.1164,29644.9424
2026-05-24 12:00:00,1779624000,29653.7778,29756.2628,29191.5137,29211.9711
2026-05-24 13:00:00,1779627600,29218.6607,29386.9708,29144.2781,29234.8966
2026-05-24 14:00:00,1779631200,29242.2684,29558.8888,29212.2111,29501.7333
2026-05-24 15:00:00,1779634800,29506.9349,29588.3899,29279.4814,29305.6305
2026-05-24 16:00:00,1779638400,29313.6194,29491.9921,29168.5448,29491.9921
2026-05-24 17:00:00,1779642000,29475.9196,29684.8289,29410.2303,29501.0740
2026-05-24 18:00:00,1779645600,29497.7517,29704.2193,29439.3414,29589.5165
2026-05-24 19:00:00,1779649200,29588.8358,29650.5507,29181.0304,29194.0347
2026-05-24 20:00:00,1779652800,29197.5816,29691.2796,29191.3120,29612.6939
2026-05-24 21:00:00,1779656400,29612.7848,30056.8418,29589.5304,29848.7987
2026-05-24 22:00:00,1779660000,29852.3114,30066.0558,29665.9504,30018.5760
2026-05-24 23:00:00,1779663600,30025.0019,30265.6924,29995.3207,30114.7877
2026-05-25 00:00:00,1779667200,30116.6405,30141.7412,29646.3068,29663.4608
2026-05-25 01:00:00,1779670800,29669.3942,29679.6844,29294.9296,29328.7705
2026-05-25 02:00:00,1779674400,29325.2030,29450.3734,29180.5278,29368.1475
2026-05-25 03:00:00,1779678000,29365.1847,29398.0092,29009.1841,29050.4212
2026-05-25 04:00:00,1779681600,29038.8323,29311.5666,28962.3121,29044.2163
2026-05-25 05:00:00,1779685200,29042.2679,29163.7274,28866.2594,28999.5092
2026-05-25 06:00:00,1779688800,29002.0299,29197.3123,28910.8975,29042.0728
2026-05-25 07:00:00,1779692400,29036.7441,29420.7669,29022.1391,29245.4367
2026-05-25 08:00:00,1779696000,29246.7357,29410.5834,29070.7914,29337.1696
2026-05-25 09:00:00,1779699600,29340.4480,29596.1021,29260.4257,29468.7766
2026-05-25 10:00:00,1779703200,29469.1968,29529.6449,28952.1675,29138.7861
2026-05-25 11:00:00,1779706800,29131.1887,29171.2454,28522.3943,28551.9508
2026-05-25 12:00:00,1779710400,28557.3817,28658.2536,28462.0338,28556.5898
2026-05-25 13:00:00,1779714000,28556.4520,28814.5437,28496.7979,28580.2094
2026-05-25 14:00:00,1779717600,28586.0227,29122.7009,28577.5071,29070.0843
2026-05-25 15:00:00,1779721200,29064.0454,29137.9935,28638.5382,28696.1029
2026-05-25 16:00:00,1779724800,28694.2544,28804.6812,28408.4306,28467.9537
2026-05-25 17:00:00,1779728400,28465.7408,28498.1028,28081.2631,28263.3776
2026-05-25 18:00:00,1779732000,28264.6782,28520.0704,28146.5377,28148.5354
2026-05-25 19:00:00,1779735600,28150.6446,28333.5620,28027.0849,28278.6495
2026-05-25 20:00:00,1779739200,28282.4423,28591.3721,28166.6047,28472.3204
2026-05-25 21:00:00,1779742800,28465.8801,28977.1154,28445.1341,28805.1395
2026-05-25 22:00:00,1779746400,28814.8932,28992.9808,28675.4390,28922.3659
2026-05-25 23:00:00,1779750000,28924.4695,29307.5588,28906.4721,29200.0522
2026-05-26 00:00:00,1779753600,29215.0157,29411.5501,29090.9431,29120.3216
2026-05-26 01:00:00,1779757200,29117.5385,29226.9535,28955.6661,29036.6892
2026-05-26 02:00:00,1779760800,29045.0681,29298.4084,28998.8410,29230.5664
2026-05-26 03:00:00,1779764400,29221.6508,29268.6940,29013.0611,29105.1417
2026-05-26 04:00:00,1779768000,29094.4568,29117.9649,28701.3217,28916.1350
2026-05-26 05:00:00,1779771600,28906.9795,29071.6362,28786.4928,28887.8396
2026-05-26 06:00:00,1779775200,28899.1451,28899.1451,28390.6102,28433.9350
2026-05-26 07:00:00,1779778800,28435.7448,28577.5138,28333.6430,28537.1081
2026-05-26 08:00:00,1779782400,28546.9390,28655.7505,28299.3643,28528.2088
2026-05-26 09:00:00,1779786000,28528.9718,28580.0288,28053.3137,28192.9557
2026-05-26 10:00:00,1779789600,28197.9088,28296.4471,27986.5878,28183.4852
2026-05-26 11:00:00,1779793200,28184.4110,28618.9583,28172.7820,28603.1435
2026-05-26 12:00:00,1779796800,28602.5200,28696.2154,28498.7014,28562.1605
2026-05-26 13:00:00,1779800400,28565.2419,28585.9443,28221.5883,28487.8484
2026-05-26 14:00:00,1779804000,28488.1535,28982.2373,28413.9233,28908.3156
2026-05-26 15:00:00,1779807600,28900.0366,29196.8275,28896.2265,29054.1587
2026-05-26 16:00:00,1779811200,29047.6830,29594.2175,29047.6830,29534.8175
2026-05-26 17:00:00,1779814800,29541.8242,29766.0263,29438.7298,29701.5763
2026-05-26 18:00:00,1779818400,29702.1149,29835.9827,29358.0313,29447.4319
2026-05-26 19:00:00,1779822000,29446.4213,29449.5360,29145.3565,29379.5970
2026-05-26 20:00:00,1779825600,29368.9158,29763.1615,29284.7352,29674.0638
2026-05-26 21:00:00,1779829200,29671.9182,29995.2922,29581.9217,29607.0466
2026-05-26 22:00:00,1779832800,29602.3908,29748.2097,29550.9823,29738.6894
2026-05-26 23:00:00,1779836400,29736.5279,29763.4543,29466.4077,29653.4568
2026-05-27 00:00:00,1779840000,29656.5468,29764.5266,29439.8093,29559.5998
2026-05-27 01:00:00,1779843600,29559.2886,29594.4694,29177.5352,29239.0507
2026-05-27 02:00:00,1779847200,29251.6731,29887.7705,29232.1529,29876.7899
2026-05-27 03:00:00,1779850800,29873.4288,30344.7807,29873.4288,30311.6607
2026-05-27 04:00:00,1779854400,30310.7889,30467.7316,30202.5813,30343.1284
2026-05-27 05:00:00,1779858000,30336.5643,30505.0429,30248.8506,30256.3403
2026-05-27 06:00:00,1779861600,30256.3511,30418.3218,30177.7907,30191.1752
2026-05-27 07:00:00,1779865200,30188.4246,30354.4555,29971.2617,30354.4555
2026-05-27 08:00:00,1779868800,30352.9846,30541.1657,30307.8400,30370.0537
2026-05-27 09:00:00,1779872400,30370.6604,30711.4586,30314.2308,30690.2027
2026-05-27 10:00:00,1779876000,30689.2483,30974.6381,30640.9030,30879.3098
2026-05-27 11:00:00,1779879600,30878.6189,30916.6863,30664.5228,30829.7470
2026-05-27 12:00:00,1779883200,30824.0305,31042.1840,30820.0001,31023.8486
2026-05-27 13:00:00,1779886800,31021.6028,31215.7991,30812.2105,31013.2057
2026-05-27 14:00:00,1779890400,31024.6845,31077.8009,30465.7310,30538.6954
2026-05-27 15:00:00,1779894000,30537.0316,30773.2093,30474.4197,30639.8015
2026-05-27 16:00:00,1779897600,30643.3488,30685.1482,30500.0561,30671.0461
2026-05-27 17:00:00,1779901200,30672.2364,30887.3229,30598.1250,30683.8251
2026-05-27 18:00:00,1779904800,30678.4584,30839.5556,30563.1344,30598.8201
2026-05-27 19:00:00,1779908400,30593.8191,30780.6840,30572.2149,30754.1860
2026-05-27 20:00:00,1779912000,30754.5631,30776.6071,30560.2595,30656.3113
2026-05-27 21:00:00,1779915600,30658.1934,30828.0531,30418.7892,30820.5223
2026-05-27 22:00:00,1779919200,30805.9939,31066.6258,30756.4063,30925.2383
2026-05-27 23:00:00,1779922800,30929.6561,30975.9078,30636.0648,30658.2419
2026-05-28 00:00:00,1779926400,30662.1248,30968.0132,30335.6831,30779.6908
2026-05-28 01:00:00,1779930000,30771.8304,30877.8494,30554.2669,30846.0496
2026-05-28 02:00:00,1779933600,30853.9282,31159.5482,30637.2306,31060.3107
2026-05-28 03:00:00,1779937200,31063.9329,31730.3198,30882.5781,31552.4420
2026-05-28 04:00:00,1779940800,31552.5558,31778.8270,31245.2235,31649.7078
2026-05-28 05:00:00,1779944400,31642.2192,31673.0441,31193.6200,31324.5750
2026-05-28 06:00:00,1779948000,31327.7845,31454.5308,31234.3728,31299.5008
2026-05-28 07:00:00,1779951600,31304.2694,31516.7471,31243.3651,31321.3101
2026-05-28 08:00:00,1779955200,31323.0749,31464.2102,31166.6138,31378.2173
2026-05-28 09:00:00,1779958800,31380.7559,31526.4234,31082.5732,31125.2564
2026-05-28 10:00:00,1779962400,31121.3731,31129.0404,30730.9949,30927.3733
2026-05-28 11:00:00,1779966000,30926.0481,31672.1274,30903.8798,31656.5748
2026-05-28 12:00:00,1779969600,31657.4808,31680.8990,31158.0538,31269.5209
2026-05-28 13:00:00,1779973200,31262.9901,31733.6790,31221.2096,31733.6790
2026-05-28 14:00:00,1779976800,31730.8768,31790.1215,31335.1982,31361.5229
2026-05-28 15:00:00,1779980400,31350.1464,31574.3490,31112.6358,31508.6095
2026-05-28 16:00:00,1779984000,31507.7788,31861.1368,31416.0311,31841.5746
2026-05-28 17:00:00,1779987600,31837.3122,31954.6144,31341.8096,31433.1154
2026-05-28 18:00:00,1779991200,31426.3185,31471.2507,30891.7851,30939.2878
2026-05-28 19:00:00,1779994800,30953.6045,30966.7307,30542.8004,30582.1914
2026-05-28 20:00:00,1779998400,30588.6944,30605.2980,30154.0374,30352.1339
2026-05-28 21:00:00,1780002000,30356.0471,30397.6752,30110.2959,30234.5650
2026-05-28 22:00:00,1780005600,30240.2716,30307.3600,30049.2265,30086.0432
2026-05-28 23:00:00,1780009200,30076.8228,30151.1873,29799.6928,29959.6468
2026-05-29 00:00:00,1780012800,29953.5988,30111.9525,29818.6777,29984.3030
2026-05-29 01:00:00,1780016400,29990.2684,30047.9913,29651.7588,29985.5629
2026-05-29 02:00:00,1780020000,29985.2399,30259.5061,29862.2413,30201.2667
2026-05-29 03:00:00,1780023600,30201.1454,30286.4193,29921.3123,30058.7898
2026-05-29 04:00:00,1780027200,30054.7739,30159.2216,29892.3425,29923.4046
2026-05-29 05:00:00,1780030800,29920.9187,29921.4373,29652.7941,29696.9287
2026-05-29 06:00:00,1780034400,29686.9015,29937.5988,29614.4830,29934.2842
2026-05-29 07:00:00,1780038000,29944.3379,29965.6701,29310.6742,29345.8804
2026-05-29 08:00:00,1780041600,29341.9962,29542.2503,29250.9967,29434.5447
2026-05-29 09:00:00,1780045200,29436.4285,29660.6815,29377.4675,29494.7345
2026-05-29 10:00:00,1780048800,29493.2436,29756.2745,29433.2601,29724.0778
2026-05-29 11:00:00,1780052400,29727.6492,29812.9844,29380.5720,29441.1142
2026-05-29 12:00:00,1780056000,29433.7346,29478.1432,29073.8011,29166.6618
2026-05-29 13:00:00,1780059600,29169.7870,29392.7761,29046.2659,29248.3949
2026-05-29 14:00:00,1780063200,29251.0399,29270.2631,28824.9107,28843.4673
2026-05-29 15:00:00,1780066800,28844.7146,29315.9665,28824.6838,29314.3949
2026-05-29 16:00:00,1780070400,29310.7383,29361.6716,28857.8682,29026.0179
2026-05-29 17:00:00,1780074000,29028.2534,29062.1077,28616.7352,28770.3465
2026-05-29 18:00:00,1780077600,28763.9189,29069.2813,28612.6176,28906.9086
2026-05-29 19:00:00,1780081200,28903.6644,29136.1310,28809.9036,28889.0332
2026-05-29 20:00:00,1780084800,28892.2510,28908.3810,28514.4219,28568.4768
2026-05-29 21:00:00,1780088400,28574.7764,28789.1640,28505.1911,28730.1404
2026-05-29 22:00:00,1780092000,28729.6620,28764.7867,28348.0166,28356.2806
2026-05-29 23:00:00,1780095600,28350.5960,28707.0615,28298.2457,28577.1976
2026-05-30 00:00:00,1780099200,28576.4871,28607.6632,28145.2944,28284.1622
2026-05-30 01:00:00,1780102800,28290.7654,28518.8969,28212.1393,28482.0044
2026-05-30 02:00:00,1780106400,28492.6242,28567.4657,28336.7317,28367.2879
2026-05-30 03:00:00,1780110000,28367.6688,28697.3568,28160.4199,28674.0328
2026-05-30 04:00:00,1780113600,28678.0904,28755.0674,28289.9555,28370.6359
2026-05-30 05:00:00,1780117200,28367.4359,28508.9080,28044.4293,28122.7946
2026-05-30 06:00:00,1780120800,28117.3727,28231.6246,27809.4632,27914.7228
2026-05-30 07:00:00,1780124400,27921.6842,28148.8777,27754.6151,28110.7923
2026-05-30 08:00:00,1780128000,28104.7705,28575.1519,28029.0482,28429.0637
2026-05-30 09:00:00,1780131600,28430.4717,28497.3598,28213.0919,28425.0342
2026-05-30 10:00:00,1780135200,28424.2244,28676.3844,28295.7316,28501.7900
2026-05-30 11:00:00,1780138800,28498.8211,28848.1040,28458.2096,28797.0216
2026-05-30 12:00:00,1780142400,28803.0075,28823.8360,28448.3380,28572.7033
2026-05-30 13:00:00,1780146000,28568.8613,28653.6727,28434.6637,28568.2232
2026-05-30 14:00:00,1780149600,28563.5675,28847.0602,28484.2436,28718.5706
2026-05-30 15:00:00,1780153200,28730.3967,28932.5314,28626.6710,28686.2295
2026-05-30 16:00:00,1780156800,28689.2274,28884.2112,28673.6525,28803.5022
2026-05-30 17:00:00,1780160400,28808.4722,28991.9695,28761.7269,28964.5095
2026-05-30 18:00:00,1780164000,28958.8669,29036.2918,28750.9007,28894.7486
2026-05-30 19:00:00,1780167600,28894.9426,29156.8223,28861.8644,29090.4345
2026-05-30 20:00:00,1780171200,29096.2248,29432.3146,29020.9528,29377.4725
2026-05-30 21:00:00,1780174800,29383.1850,29384.0930,28877.5832,28969.0273
2026-05-30 22:00:00,1780178400,28967.8347,29126.9784,28777.1080,29126.9784
2026-05-30 23:00:00,1780182000,29127.9470,29274.9672,28691.8708,28772.0168
2026-05-31 00:00:00,1780185600,28773.3993,29055.8834,28631.8899,28820.1420
2026-05-31 01:00:00,1780189200,28815.3960,28961.3421,28649.6941,28742.2922
2026-05-31 02:00:00,1780192800,28735.8709,28866.8319,28583.9218,28593.7048
2026-05-31 03:00:00,1780196400,28593.9140,28756.8350,28251.6867,28251.8541
2026-05-31 04:00:00,1780200000,28256.5820,28497.1987,28251.2241,28408.7547
2026-05-31 05:00:00,1780203600,28411.8060,28954.9524,28408.0084,28749.7457
2026-05-31 06:00:00,1780207200,28754.2591,28994.9150,28687.1375,28847.8333
2026-05-31 07:00:00,1780210800,28844.6844,29044.7710,28723.0561,28779.7832
2026-05-31 08:00:00,1780214400,28777.9202,28869.7222,28468.3713,28772.6303
2026-05-31 09:00:00,1780218000,28769.8714,28793.8806,28403.2485,28442.9775
2026-05-31 10:00:00,1780221600,28450.3936,28489.6513,28268.6852,28351.3453
2026-05-31 11:00:00,1780225200,28348.1152,28401.9449,27959.2204,28074.5709
2026-05-31 12:00:00,1780228800,28074.8468,28184.4009,27993.6124,28174.1978
2026-05-31 13:00:00,1780232400,28180.4474,28255.0822,28064.8132,28073.3158
2026-05-31 14:00:00,1780236000,28074.0726,28074.0726,27707.4184,28015.1388
2026-05-31 15:00:00,1780239600,28018.1175,28299.8051,27843.9587,28283.7087
2026-05-31 16:00:00,1780243200,28282.2268,28465.4813,28125.6032,28384.4890
2026-05-31 17:00:00,1780246800,28391.0349,28409.7773,28167.4689,28362.9487
2026-05-31 18:00:00,1780250400,28343.5832,28373.1634,28152.3148,28259.7081
2026-05-31 19:00:00,1780254000,28269.4071,28319.8444,28047.7377,28155.8823
2026-05-31 20:00:00,1780257600,28160.7900,28385.7825,28143.7572,28197.8936
2026-05-31 21:00:00,1780261200,28201.3662,28576.3335,28156.3060,28391.0887
2026-05-31 22:00:00,1780264800,28387.4663,28421.1031,27814.2533,27821.8686
2026-05-31 23:00:00,1780268400,27823.9211,28040.7002,27605.8907,27644.9396
2026-06-01 00:00:00,1780272000,27642.0780,27715.1509,27444.2729,27516.2679
2026-06-01 01:00:00,1780275600,27509.8827,27582.4918,27389.8316,27415.3133
2026-06-01 02:00:00,1780279200,27418.3002,27460.3752,27148.1261,27208.4328
2026-06-01 03:00:00,1780282800,27207.2003,27468.8564,27207.2003,27333.1579
2026-06-01 04:00:00,1780286400,27340.5374,27342.8113,26798.8905,27074.9226
2026-06-01 05:00:00,1780290000,27076.7242,27188.3331,26829.4643,26845.5823
2026-06-01 06:00:00,1780293600,26843.6434,26941.9026,26697.6607,26801.9067
2026-06-01 07:00:00,1780297200,26811.7317,27130.1454,26772.1651,26929.3864
2026-06-01 08:00:00,1780300800,26937.0736,27225.4941,26822.0034,27129.1696
2026-06-01 09:00:00,1780304400,27124.7889,27158.0029,26946.3220,27100.0805
2026-06-01 10:00:00,1780308000,27101.8703,27388.9955,27004.3779,27062.2465
2026-06-01 11:00:00,1780311600,27060.7471,27441.7822,27033.9556,27421.7280
2026-06-01 12:00:00,1780315200,27425.7090,27650.6952,27358.3698,27578.2794
2026-06-01 13:00:00,1780318800,27576.0137,27666.7633,27430.5270,27585.5831
2026-06-01 14:00:00,1780322400,27578.9116,27883.1109,27578.9116,27795.9816
2026-06-01 15:00:00,1780326000,27795.0568,27850.8354,27546.8409,27762.1309
2026-06-01 16:00:00,1780329600,27766.1278,27984.0755,27625.3490,27929.5959
2026-06-01 17:00:00,1780333200,27933.8882,28015.5678,27768.8099,27913.4418
2026-06-01 18:00:00,1780336800,27914.7004,27918.9723,27679.7257,27733.1087
2026-06-01 19:00:00,1780340400,27730.3766,27835.4020,27592.0050,27714.3818
2026-06-01 20:00:00,1780344000,27705.6944,27878.6057,27549.3994,27580.3207
2026-06-01 21:00:00,1780347600,27570.6708,27682.9930,27449.7615,27658.4549
2026-06-01 22:00:00,1780351200,27660.6790,27826.6992,27444.1453,27612.4184
2026-06-01 23:00:00,1780354800,27610.6439,27729.7820,27342.0035,27527.7104
2026-06-02 00:00:00,1780358400,27526.1695,27842.1141,27440.9441,27827.6662
2026-06-02 01:00:00,1780362000,27829.3279,27854.2268,27434.0236,27608.2190
2026-06-02 02:00:00,1780365600,27609.3078,27733.2701,27411.5502,27560.3855
2026-06-02 03:00:00,1780369200,27559.5851,27814.5803,27533.0077,27661.5801
2026-06-02 04:00:00,1780372800,27662.2986,27747.9054,27478.0536,27504.2789
2026-06-02 05:00:00,1780376400,27502.1723,27632.0830,27268.7257,27617.8751
2026-06-02 06:00:00,1780380000,27620.7430,27772.8514,27493.9954,27624.4181
2026-06-02 07:00:00,1780383600,27619.1521,27710.7653,27462.8118,27575.4107
2026-06-02 08:00:00,1780387200,27584.0883,27820.6644,27482.7055,27767.4119
2026-06-02 09:00:00,1780390800,27768.3950,27990.1306,27612.5530,27723.5706
2026-06-02 10:00:00,1780394400,27722.9257,27940.3131,27509.6640,27899.6245
2026-06-02 11:00:00,1780398000,27893.7576,28012.4080,27761.8530,27790.9132
2026-06-02 12:00:00,1780401600,27789.2002,27836.8368,27545.6345,27680.4965
2026-06-02 13:00:00,1780405200,27680.7779,27907.5168,27655.7086,27670.1865
2026-06-02 14:00:00,1780408800,27667.1467,27835.3832,27517.4645,27793.5365
2026-06-02 15:00:00,1780412400,27795.0668,28072.2715,27781.9039,27977.0370
2026-06-02 16:00:00,1780416000,27976.1555,28033.4312,27738.7225,27913.3393
2026-06-02 17:00:00,1780419600,27916.7590,28168.9614,27632.2636,28155.2282
2026-06-02 18:00:00,1780423200,28155.6597,28229.6586,27979.6542,28173.8402
2026-06-02 19:00:00,1780426800,28184.1315,28418.0375,28181.9628,28415.0714
2026-06-02 20:00:00,1780430400,28412.3897,28937.5441,28412.3897,28920.9731
2026-06-02 21:00:00,1780434000,28924.6712,29023.0767,28798.8771,28946.8552
2026-06-02 22:00:00,1780437600,28945.8572,29073.6641,28741.9123,28833.0249
2026-06-02 23:00:00,1780441200,28829.7249,28908.8698,28593.4153,28675.4578
2026-06-03 00:00:00,1780444800,28677.4446,28873.5879,28616.8008,28737.3777
2026-06-03 01:00:00,1780448400,28735.8823,28770.2819,28483.2532,28598.4698
2026-06-03 02:00:00,1780452000,28599.1928,28620.6444,28045.4212,28058.6694
2026-06-03 03:00:00,1780455600,28053.6490,28083.1987,27781.8088,27835.5828
2026-06-03 04:00:00,1780459200,27838.4001,28118.7820,27816.3706,28070.7163
2026-06-03 05:00:00,1780462800,28066.7874,28129.8774,27888.0089,28119.3371
2026-06-03 06:00:00,1780466400,28129.4037,28361.9974,28007.4530,28165.3565
2026-06-03 07:00:00,1780470000,28172.7969,28416.1916,28049.3019,28388.9015
2026-06-03 08:00:00,1780473600,28400.6331,28579.7047,28078.1574,28422.4125
2026-06-03 09:00:00,1780477200,28425.8187,28534.8203,28297.0327,28496.0856
2026-06-03 10:00:00,1780480800,28502.9878,28525.6659,28258.6747,28377.8043
2026-06-03 11:00:00,1780484400,28369.3417,28927.3907,28353.5261,28880.3241
2026-06-03 12:00:00,1780488000,28878.5382,29162.6725,28866.0972,29090.8671
2026-06-03 13:00:00,1780491600,29095.1013,29369.8493,28871.9373,28930.3664
2026-06-03 14:00:00,1780495200,28924.3064,29291.0671,28854.8665,29121.8655
2026-06-03 15:00:00,1780498800,29122.6662,29550.5331,29051.9199,29413.3790
2026-06-03 16:00:00,1780502400,29406.4181,29577.4702,29326.6410,29476.2920
2026-06-03 17:00:00,1780506000,29473.2656,29588.8465,29134.2833,29247.6777
2026-06-03 18:00:00,1780509600,29251.9408,29444.1715,29210.1832,29329.8600
2026-06-03 19:00:00,1780513200,29332.2886,29351.2552,28878.4452,28937.7644
2026-06-03 20:00:00,1780516800,28941.9539,29013.2158,28769.9216,28995.8882
2026-06-03 21:00:00,1780520400,28989.7215,29123.4318,28698.2595,29123.4318
2026-06-03 22:00:00,1780524000,29128.0599,29152.6409,28897.4045,29004.6930
2026-06-03 23:00:00,1780527600,28995.7443,29119.2105,28918.2884,29037.7394
2026-06-04 00:00:00,1780531200,29033.8075,29146.2111,28853.9818,29051.1998
2026-06-04 01:00:00,1780534800,29043.9074,29776.7425,29043.4384,29775.0980
2026-06-04 02:00:00,1780538400,29769.8788,29832.4617,29272.0201,29480.5188
2026-06-04 03:00:00,1780542000,29478.9525,29604.7127,29328.4609,29349.7200
2026-06-04 04:00:00,1780545600,29351.9298,29582.3321,29300.7715,29572.7839
2026-06-04 05:00:00,1780549200,29577.6483,29680.2435,29419.4994,29461.2440
2026-06-04 06:00:00,1780552800,29469.4700,29600.1845,29225.7563,29307.2098
2026-06-04 07:00:00,1780556400,29311.8106,30027.6692,29271.1615,30004.0826
2026-06-04 08:00:00,1780560000,30012.3972,30132.4104,29770.3963,30124.3758
2026-06-04 09:00:00,1780563600,30111.5337,30118.5911,29759.0180,29944.4895
2026-06-04 10:00:00,1780567200,29943.5004,30089.4305,29798.4626,29966.7346
2026-06-04 11:00:00,1780570800,29963.5336,30146.6444,29815.1960,29861.5569
2026-06-04 12:00:00,1780574400,29852.8464,30049.0567,29736.7324,29836.2808
2026-06-04 13:00:00,1780578000,29834.4570,29991.4824,29756.2723,29794.8854
2026-06-04 14:00:00,1780581600,29795.2678,30097.6130,29765.0680,30011.5513
2026-06-04 15:00:00,1780585200,30010.2740,30337.8617,29959.5170,30257.5013
2026-06-04 16:00:00,1780588800,30255.0709,30435.1963,30130.8221,30197.1421
2026-06-04 17:00:00,1780592400,30197.1852,30494.3103,30161.4670,30252.3469
2026-06-04 18:00:00,1780596000,30251.9701,30323.6376,29869.4318,29883.1612
2026-06-04 19:00:00,1780599600,29879.0619,29881.8217,29506.0017,29759.1233
2026-06-04 20:00:00,1780603200,29752.2156,30051.1885,29499.0590,29967.8602
2026-06-04 21:00:00,1780606800,29957.0351,30153.7650,29675.7487,29742.3982
2026-06-04 22:00:00,1780610400,29741.7645,29776.0712,29617.4108,29712.4100
2026-06-04 23:00:00,1780614000,29711.2549,29892.0842,29562.0611,29892.0842
2026-06-05 00:00:00,1780617600,29892.7177,30166.8349,29792.8356,30115.8587
2026-06-05 01:00:00,1780621200,30119.6661,30695.5262,30119.6661,30676.3085
2026-06-05 02:00:00,1780624800,30679.3008,31140.8639,30663.0755,31056.2701
2026-06-05 03:00:00,1780628400,31051.0744,31056.8699,30432.3027,30590.3166
2026-06-05 04:00:00,1780632000,30587.8881,30938.6508,30489.4797,30700.2378
2026-06-05 05:00:00,1780635600,30704.5753,30734.2416,30433.7193,30590.2910
2026-06-05 06:00:00,1780639200,30593.1597,30623.9627,30311.5976,30362.9472
2026-06-05 07:00:00,1780642800,30359.4100,30367.1568,29602.7404,29786.7904
2026-06-05 08:00:00,1780646400,29789.7174,30085.1772,29750.1240,29822.6481
2026-06-05 09:00:00,1780650000,29819.3422,30199.9596,29817.3512,30050.6501
2026-06-05 10:00:00,1780653600,30048.3683,30083.0542,29703.5907,29958.9109
2026-06-05 11:00:00,1780657200,29962.0630,30400.4439,29839.0049,30383.8660
2026-06-05 12:00:00,1780660800,30386.6480,30751.5953,30283.4148,30615.6310
2026-06-05 13:00:00,1780664400,30608.1301,30892.3294,30607.2076,30786.3742
2026-06-05 14:00:00,1780668000,30784.5369,30919.5811,30507.9009,30648.3549
2026-06-05 15:00:00,1780671600,30646.9471,31013.9955,30495.8195,30682.8234
2026-06-05 16:00:00,1780675200,30682.9552,30907.7656,30429.0909,30481.7064
2026-06-05 17:00:00,1780678800,30477.8191,30609.8514,29906.6413,30097.4505
2026-06-05 18:00:00,1780682400,30105.9365,30160.5448,29876.4750,29978.4304
2026-06-05 19:00:00,1780686000,29989.2372,30067.5053,29730.5440,30019.1919
2026-06-05 20:00:00,1780689600,30018.0311,30035.2533,29848.6833,29991.5748
2026-06-05 21:00:00,1780693200,29989.7798,30024.7629,29730.0024,30023.0141
2026-06-05 22:00:00,1780696800,30021.7029,30158.3570,29925.6311,30056.0393
2026-06-05 23:00:00,1780700400,30059.0984,30272.9418,29962.3523,30116.8754
2026-06-06 00:00:00,1780704000,30108.8339,30613.1948,30088.4469,30600.3322
2026-06-06 01:00:00,1780707600,30603.9648,30931.2711,30592.5223,30815.2924
2026-06-06 02:00:00,1780711200,30817.2047,30942.3615,30595.4643,30697.5887
2026-06-06 03:00:00,1780714800,30698.9883,30719.6496,30467.3826,30675.6533
2026-06-06 04:00:00,1780718400,30673.6652,30943.8063,30528.2513,30871.2954
2026-06-06 05:00:00,1780722000,30868.5309,30875.8417,30080.4464,30083.7791
2026-06-06 06:00:00,1780725600,30088.9181,30173.8562,29630.3498,29715.8941
2026-06-06 07:00:00,1780729200,29718.8334,30138.2010,29697.3651,30074.8401
2026-06-06 08:00:00,1780732800,30079.4282,30382.3225,30038.9109,30355.6957
2026-06-06 09:00:00,1780736400,30360.5707,30416.5222,30088.2502,30164.5394
2026-06-06 10:00:00,1780740000,30160.5970,30362.3245,30119.2247,30294.2799
2026-06-06 11:00:00,1780743600,30290.4834,30528.2461,30163.2655,30484.2465
2026-06-06 12:00:00,1780747200,30481.5231,30481.5231,30117.8709,30391.5300
2026-06-06 13:00:00,1780750800,30406.9531,30504.5802,30288.6376,30357.8489
2026-06-06 14:00:00,1780754400,30354.8780,30675.1261,30264.2131,30274.7813
2026-06-06 15:00:00,1780758000,30275.5735,30843.2174,30267.3038,30824.5463
2026-06-06 16:00:00,1780761600,30815.7099,31142.9099,30758.0855,31046.6534
2026-06-06 17:00:00,1780765200,31047.1791,31201.2525,30825.2326,31190.3430
2026-06-06 18:00:00,1780768800,31187.6485,31479.9700,31063.5838,31391.4355
2026-06-06 19:00:00,1780772400,31399.5377,31940.9823,31348.0527,31855.5996
2026-06-06 20:00:00,1780776000,31860.8398,32073.8876,31752.4104,32032.5687
2026-06-06 21:00:00,1780779600,32036.4987,32109.7451,31685.3890,31855.4148
2026-06-06 22:00:00,1780783200,31848.9274,32222.8658,31769.5408,32121.1038
2026-06-06 23:00:00,1780786800,32129.3580,32155.8456,31852.7817,32062.1416
2026-06-07 00:00:00,1780790400,32057.0752,32259.6099,31838.4468,32179.8675
2026-06-07 01:00:00,1780794000,32182.0906,32232.2473,31713.1274,31866.1406
2026-06-07 02:00:00,1780797600,31865.1111,31914.7903,31437.4825,31752.6855
2026-06-07 03:00:00,1780801200,31762.4200,31781.9130,31416.8962,31572.4422
2026-06-07 04:00:00,1780804800,31571.2998,31862.5303,31550.7125,31811.1552
2026-06-07 05:00:00,1780808400,31814.6072,32089.6709,31727.1381,31916.4729
2026-06-07 06:00:00,1780812000,31919.9417,32298.2348,31912.7686,32293.6366
2026-06-07 07:00:00,1780815600,32289.4597,32581.5300,32270.7918,32497.0460
2026-06-07 08:00:00,1780819200,32500.1034,32817.4592,32428.4896,32687.1062
2026-06-07 09:00:00,1780822800,32680.1839,32849.3655,32538.8389,32597.0822
2026-06-07 10:00:00,1780826400,32596.4024,32772.4916,32305.1779,32429.6843
2026-06-07 11:00:00,1780830000,32430.3269,32781.4066,32228.2067,32758.3653
2026-06-07 12:00:00,1780833600,32751.5131,32871.0750,32513.5876,32601.7638
2026-06-07 13:00:00,1780837200,32602.4907,32844.2064,32543.5496,32665.1769
2026-06-07 14:00:00,1780840800,32661.9690,32954.7146,32559.8355,32941.7711
2026-06-07 15:00:00,1780844400,32944.9420,33054.4579,32819.0835,32973.2421
2026-06-07 16:00:00,1780848000,32972.2256,33184.8559,32833.8822,32855.2822
2026-06-07 17:00:00,1780851600,32851.9422,33179.5691,32791.1430,33114.2472
2026-06-07 18:00:00,1780855200,33108.5336,33348.1195,33098.9414,33322.0013
2026-06-07 19:00:00,1780858800,33327.8415,33438.4979,33139.3308,33232.0503
2026-06-07 20:00:00,1780862400,33240.7691,33660.4538,33225.1735,33508.0733
2026-06-07 21:00:00,1780866000,33502.5651,33793.6708,33500.5512,33609.2225
2026-06-07 22:00:00,1780869600,33608.0302,33951.4066,33605.0242,33849.0225
2026-06-07 23:00:00,1780873200,33845.8133,34257.2141,33841.5227,34153.1996
2026-06-08 00:00:00,1780876800,34160.9858,34351.2002,33961.4220,34183.4391
2026-06-08 01:00:00,1780880400,34195.3550,34395.6128,34074.8745,34092.1884
2026-06-08 02:00:00,1780884000,34089.2559,34279.9503,33884.1276,34022.0965
2026-06-08 03:00:00,1780887600,34028.4424,34405.3373,34013.0976,34316.2491
2026-06-08 04:00:00,1780891200,34311.8491,34688.9156,34311.8491,34688.9156
2026-06-08 05:00:00,1780894800,34685.6366,35260.8350,34674.5353,35195.2794
2026-06-08 06:00:00,1780898400,35207.0288,35297.5713,34651.6519,34666.6545
2026-06-08 07:00:00,1780902000,34662.5447,34805.9782,34369.8031,34629.5280
2026-06-08 08:00:00,1780905600,34621.9675,34831.1716,34540.6791,34691.9556
2026-06-08 09:00:00,1780909200,34692.1422,34811.5338,34481.8796,34517.9511
2026-06-08 10:00:00,1780912800,34518.0919,34601.1870,33731.3201,33752.8830
2026-06-08 11:00:00,1780916400,33744.3065,33856.4524,33520.3685,33636.5698
2026-06-08 12:00:00,1780920000,33631.8016,33824.8831,33514.7604,33712.8675
2026-06-08 13:00:00,1780923600,33713.1947,33929.4202,33362.9618,33575.1208
2026-06-08 14:00:00,1780927200,33573.6460,33637.5682,33422.7309,33451.8435
2026-06-08 15:00:00,1780930800,33452.4886,33764.7872,33422.4046,33676.2470
2026-06-08 16:00:00,1780934400,33681.3842,33807.4252,33468.4409,33742.0965
2026-06-08 17:00:00,1780938000,33734.4251,34048.1064,33658.9678,33939.6409
2026-06-08 18:00:00,1780941600,33950.0428,34230.0142,33813.2925,33830.6125
2026-06-08 19:00:00,1780945200,33822.0119,34021.3788,33614.8835,33631.7418
2026-06-08 20:00:00,1780948800,33621.1139,33793.3279,33433.2180,33714.3473
2026-06-08 21:00:00,1780952400,33718.4948,33918.9883,33546.8200,33578.3369
2026-06-08 22:00:00,1780956000,33583.1684,33637.0302,33339.3700,33381.2389
2026-06-08 23:00:00,1780959600,33387.1215,33550.7270,33159.3891,33354.2780
2026-06-09 00:00:00,1780963200,33361.1779,33608.8580,33267.6064,33473.3182
2026-06-09 01:00:00,1780966800,33466.4932,33811.8138,33379.6493,33796.8692
2026-06-09 02:00:00,1780970400,33793.0845,34275.4025,33669.1418,34244.6594
2026-06-09 03:00:00,1780974000,34250.1243,34432.6542,34101.5209,34184.9666
2026-06-09 04:00:00,1780977600,34177.3913,34577.8872,34164.4876,34577.8872
2026-06-09 05:00:00,1780981200,34576.3600,34852.9861,34520.3609,34575.5457
2026-06-09 06:00:00,1780984800,34578.0361,35061.2598,34578.0361,34795.3825
2026-06-09 07:00:00,1780988400,34795.5108,35101.6012,34606.8052,34610.4319
2026-06-09 08:00:00,1780992000,34608.5718,34670.3232,34141.7222,34335.8556
2026-06-09 09:00:00,1780995600,34329.8473,34355.9173,34016.8742,34284.4236
2026-06-09 10:00:00,1780999200,34288.2418,34468.2792,34118.7081,34212.3300
2026-06-09 11:00:00,1781002800,34213.9865,34330.0547,33863.6898,33975.0247
2026-06-09 12:00:00,1781006400,33970.3229,34211.2829,33804.1129,34179.5360
2026-06-09 13:00:00,1781010000,34175.3992,34535.6566,34156.6870,34400.6660
2026-06-09 14:00:00,1781013600,34405.3988,34523.0273,34136.6988,34169.9901
2026-06-09 15:00:00,1781017200,34167.8241,34244.7479,33975.4876,34072.8298
2026-06-09 16:00:00,1781020800,34077.7430,34191.2156,33786.2532,34134.4099
2026-06-09 17:00:00,1781024400,34125.7289,34405.2896,34068.2313,34345.1848
2026-06-09 18:00:00,1781028000,34345.3620,34410.8670,34093.8281,34102.7058
2026-06-09 19:00:00,1781031600,34104.6390,34195.7717,33731.7570,33791.2735
2026-06-09 20:00:00,1781035200,33794.3386,34301.4385,33709.6739,34137.5303
2026-06-09 21:00:00,1781038800,34152.9870,34638.6968,34122.9826,34571.1211
2026-06-09 22:00:00,1781042400,34566.1542,34823.2224,34397.9340,34735.4115
2026-06-09 23:00:00,1781046000,34738.7695,34872.6747,34520.8856,34661.8873
2026-06-10 00:00:00,1781049600,34652.7852,35058.7446,34648.8991,34960.6365
2026-06-10 01:00:00,1781053200,34962.1970,35201.6670,34750.7001,34873.3057
2026-06-10 02:00:00,1781056800,34858.7681,35236.2157,34634.1135,34930.6012
2026-06-10 03:00:00,1781060400,34937.0653,34976.7087,34505.9062,34661.5617
2026-06-10 04:00:00,1781064000,34671.1204,34923.6811,34421.6989,34466.1845
2026-06-10 05:00:00,1781067600,34468.9406,34633.6782,34296.5643,34467.8917
2026-06-10 06:00:00,1781071200,34473.2466,35008.4314,34311.2263,34980.4331
2026-06-10 07:00:00,1781074800,34980.8122,35025.7705,34750.6832,34994.1540
2026-06-10 08:00:00,1781078400,34986.6922,35107.0121,34867.2835,34957.0702
2026-06-10 09:00:00,1781082000,34965.1790,35105.0631,34761.5236,34977.7096
2026-06-10 10:00:00,1781085600,34976.2150,35076.9154,34465.9632,34493.2012
2026-06-10 11:00:00,1781089200,34486.1250,34957.9033,34475.6773,34912.8475
2026-06-10 12:00:00,1781092800,34912.2467,35214.4237,34837.2002,35141.1090
2026-06-10 13:00:00,1781096400,35142.8207,35354.5921,34989.5343,35018.8684
2026-06-10 14:00:00,1781100000,35014.2656,35061.5341,34407.5448,34426.6221
2026-06-10 15:00:00,1781103600,34438.3725,34654.3162,34179.7049,34313.3467
2026-06-10 16:00:00,1781107200,34312.2611,34424.7909,33995.9539,34033.0578
2026-06-10 17:00:00,1781110800,34033.3820,34532.3994,34007.6531,34479.2736
2026-06-10 18:00:00,1781114400,34478.3457,34647.3735,34247.0521,34385.7875
2026-06-10 19:00:00,1781118000,34391.0456,34554.6203,34328.3525,34417.7014
2026-06-10 20:00:00,1781121600,34414.3068,34820.3215,34215.9902,34791.8768
2026-06-10 21:00:00,1781125200,34799.0230,34880.3894,34555.1881,34860.5050
2026-06-10 22:00:00,1781128800,34861.3718,34890.1468,34436.5065,34553.7029
2026-06-10 23:00:00,1781132400,34557.3779,34685.7155,34362.4732,34499.5160
2026-06-11 00:00:00,1781136000,34491.9528,34723.6578,34349.8314,34506.1994
2026-06-11 01:00:00,1781139600,34498.3986,34665.1918,34133.4091,34197.3026
2026-06-11 02:00:00,1781143200,34191.4579,34308.2739,34054.5644,34200.6352
2026-06-11 03:00:00,1781146800,34200.5248,34601.9784,34050.4574,34555.1565
2026-06-11 04:00:00,1781150400,34554.8641,34610.0647,34361.1459,34400.4388
2026-06-11 05:00:00,1781154000,34406.7629,34476.8085,34236.3074,34433.5472
2026-06-11 06:00:00,1781157600,34433.2217,34629.8895,34260.7007,34468.6717
2026-06-11 07:00:00,1781161200,34465.2700,34744.5250,34285.0833,34469.4768
2026-06-11 08:00:00,1781164800,34467.8588,35119.4165,34384.0496,35081.5772
2026-06-11 09:00:00,1781168400,35080.2302,35331.5499,34620.7610,34620.7610
2026-06-11 10:00:00,1781172000,34604.7617,34672.8949,34069.4357,34568.1123
2026-06-11 11:00:00,1781175600,34581.4047,34581.4047,34310.2698,34315.4347
2026-06-11 12:00:00,1781179200,34324.5816,34486.9023,34204.8209,34248.2256
2026-06-11 13:00:00,1781182800,34248.8601,34545.3536,34093.6167,34440.7149
2026-06-11 14:00:00,1781186400,34450.2057,34472.8092,34036.0936,34385.7083
2026-06-11 15:00:00,1781190000,34387.1377,35142.7378,34357.5636,35102.3910
2026-06-11 16:00:00,1781193600,35103.3835,35160.1690,34791.6501,34944.2358
2026-06-11 17:00:00,1781197200,34933.1723,35063.3327,34755.8571,34952.3271
2026-06-11 18:00:00,1781200800,34959.1560,35230.4041,34759.8128,34964.7087
2026-06-11 19:00:00,1781204400,34966.3195,35240.0901,34812.0836,35016.6310
2026-06-11 20:00:00,1781208000,35019.0347,35368.9368,35010.1253,35244.3146
2026-06-11 21:00:00,1781211600,35246.0560,35449.7337,35142.9084,35342.2961
2026-06-11 22:00:00,1781215200,35341.7156,36414.3558,35320.3210,36414.3558
2026-06-11 23:00:00,1781218800,36425.2300,36729.9454,36322.5145,36690.0231
2026-06-12 00:00:00,1781222400,36693.5892,37106.8448,36645.9449,36980.0437
2026-06-12 01:00:00,1781226000,36986.4128,37427.0388,36916.5279,37376.6991
2026-06-12 02:00:00,1781229600,37374.5719,37548.3953,37121.0352,37152.2801
2026-06-12 03:00:00,1781233200,37149.1753,37203.0506,36725.1270,36807.4907
2026-06-12 04:00:00,1781236800,36803.3707,37150.7245,36653.9003,36994.5871
2026-06-12 05:00:00,1781240400,37000.7411,37224.1995,36875.4451,36941.1440
2026-06-12 06:00:00,1781244000,36952.8824,37062.5598,36734.8572,36759.7536
2026-06-12 07:00:00,1781247600,36753.3498,37086.5361,36708.3408,36769.6456
2026-06-12 08:00:00,1781251200,36760.7735,36857.7115,36544.2202,36798.2239
2026-06-12 09:00:00,1781254800,36793.2203,36886.9749,36581.0458,36705.5448
2026-06-12 10:00:00,1781258400,36704.1507,37064.3071,36622.3538,36644.0859
2026-06-12 11:00:00,1781262000,36635.8015,36678.7004,36255.6765,36368.4945
2026-06-12 12:00:00,1781265600,36363.6841,36479.5562,36221.6277,36312.6749
2026-06-12 13:00:00,1781269200,36304.1807,36453.8500,35746.1749,35982.4889
2026-06-12 14:00:00,1781272800,35990.6046,36367.3789,35924.6561,36206.2052
2026-06-12 15:00:00,1781276400,36201.9013,36471.5873,36037.7779,36291.2717
2026-06-12 16:00:00,1781280000,36284.3377,36497.9056,36181.1726,36296.5013
2026-06-12 17:00:00,1781283600,36300.7512,36515.9907,36056.1428,36283.7704
2026-06-12 18:00:00,1781287200,36276.2744,36331.6174,35995.0916,36292.0225
2026-06-12 19:00:00,1781290800,36297.0843,36518.7436,36220.9480,36498.4316
2026-06-12 20:00:00,1781294400,36503.0739,36581.3982,36301.3951,36452.6906
2026-06-12 21:00:00,1781298000,36446.7923,36549.9576,36095.4438,36118.3660
2026-06-12 22:00:00,1781301600,36116.3407,36958.8064,36083.7058,36923.6364
2026-06-12 23:00:00,1781305200,36920.5459,37137.0544,36838.9470,37054.4071
2026-06-13 00:00:00,1781308800,37053.7247,37167.8629,36739.0662,36762.0260
2026-06-13 01:00:00,1781312400,36770.4466,36796.9642,36361.8712,36622.6632
2026-06-13 02:00:00,1781316000,36631.3000,36878.6925,36540.2613,36845.5506
2026-06-13 03:00:00,1781319600,36843.0210,36979.0581,36687.4084,36714.3614
2026-06-13 04:00:00,1781323200,36712.3336,36964.1511,36669.4471,36669.4471
2026-06-13 05:00:00,1781326800,36664.1223,36808.7892,36403.6739,36644.5241
2026-06-13 06:00:00,1781330400,36648.6684,36788.5850,36499.9952,36721.7806
2026-06-13 07:00:00,1781334000,36724.6114,37045.9235,36611.3524,36919.2748
2026-06-13 08:00:00,1781337600,36909.0377,37207.5437,36840.8388,37076.6524
2026-06-13 09:00:00,1781341200,37084.2010,37292.9574,36583.9840,36621.5314
2026-06-13 10:00:00,1781344800,36608.3705,37065.1638,36560.9986,36897.1909
2026-06-13 11:00:00,1781348400,36893.0836,37065.3091,36704.8037,36962.6362
2026-06-13 12:00:00,1781352000,36971.1325,37024.8109,36585.4153,36644.2427
2026-06-13 13:00:00,1781355600,36636.5754,37136.5369,36626.5667,36990.3190
2026-06-13 14:00:00,1781359200,36986.8779,37557.5092,36940.9530,37551.9498
2026-06-13 15:00:00,1781362800,37548.4629,37842.3117,37514.7417,37825.7044
2026-06-13 16:00:00,1781366400,37822.7180,37833.1197,36960.5118,37040.2664
2026-06-13 17:00:00,1781370000,37038.9813,37574.3131,37021.0742,37454.6123
2026-06-13 18:00:00,1781373600,37457.9134,37731.1245,37420.3646,37492.6675
2026-06-13 19:00:00,1781377200,37488.9118,37858.5355,37436.7113,37807.5965
2026-06-13 20:00:00,1781380800,37811.7536,37887.9646,37494.7890,37719.9803
2026-06-13 21:00:00,1781384400,37719.1920,37959.4789,37516.0907,37701.0512
2026-06-13 22:00:00,1781388000,37691.9515,38145.9586,37621.0995,37862.0073
2026-06-13 23:00:00,1781391600,37864.9032,38024.4168,37654.9689,37802.2111
2026-06-14 00:00:00,1781395200,37799.7250,38365.2732,37679.1504,38186.4165
2026-06-14 01:00:00,1781398800,38183.0970,38211.8917,37714.2264,37802.0163
2026-06-14 02:00:00,1781402400,37790.7603,37958.1988,37654.3648,37952.5333
2026-06-14 03:00:00,1781406000,37959.5981,38123.1940,37718.5586,37992.9145
2026-06-14 04:00:00,1781409600,37979.5647,38443.1606,37879.8264,38308.6172
2026-06-14 05:00:00,1781413200,38293.9019,39057.5899,38292.0388,38970.1299
2026-06-14 06:00:00,1781416800,38969.5549,39236.2978,38878.4161,39129.9044
2026-06-14 07:00:00,1781420400,39134.6204,39336.3831,38934.1802,39066.3127
2026-06-14 08:00:00,1781424000,39056.5847,39067.0354,38750.4290,38774.1513
2026-06-14 09:00:00,1781427600,38782.8981,38903.0775,38146.2248,38165.8120
2026-06-14 10:00:00,1781431200,38157.7237,38664.3525,38020.4460,38534.2886
2026-06-14 11:00:00,1781434800,38534.4595,38919.5294,38302.8748,38872.3781
2026-06-14 12:00:00,1781438400,38867.1688,39248.2601,38767.5149,39227.8923
2026-06-14 13:00:00,1781442000,39233.7535,39547.1238,39173.7972,39295.1809
2026-06-14 14:00:00,1781445600,39288.3433,39435.3415,38941.8368,39050.1174
2026-06-14 15:00:00,1781449200,39054.3625,39147.4638,38573.0415,38573.7386
2026-06-14 16:00:00,1781452800,38577.5058,38681.2335,38362.4965,38502.8430
2026-06-14 17:00:00,1781456400,38495.0296,38556.0256,37934.2432,38062.4833
2026-06-14 18:00:00,1781460000,38060.5540,38192.2416,37352.5115,37556.4429
2026-06-14 19:00:00,1781463600,37543.9805,37720.3612,37454.4720,37563.8725
2026-06-14 20:00:00,1781467200,37563.5299,37908.9805,37558.4353,37886.1363
2026-06-14 21:00:00,1781470800,37889.3216,38197.2696,37824.5525,37916.2864
2026-06-14 22:00:00,1781474400,37920.8449,37946.9754,37573.3403,37749.1597
2026-06-14 23:00:00,1781478000,37748.5545,37993.4535,37614.3477,37737.3243
2026-06-15 00:00:00,1781481600,37745.5731,37844.6316,37349.6455,37461.3088
2026-06-15 01:00:00,1781485200,37456.4542,37598.7792,37105.8069,37492.5983
2026-06-15 02:00:00,1781488800,37483.8491,37544.8440,37081.5930,37190.0167
2026-06-15 03:00:00,1781492400,37187.0033,37192.5017,36570.5135,36604.6586
2026-06-15 04:00:00,1781496000,36599.7383,36745.3006,36361.8776,36436.0513
2026-06-15 05:00:00,1781499600,36434.0074,36489.9775,36119.4727,36135.0294
2026-06-15 06:00:00,1781503200,36142.6754,36607.8988,36095.0590,36567.9808
2026-06-15 07:00:00,1781506800,36567.3767,36756.3779,36296.5301,36481.5643
2026-06-15 08:00:00,1781510400,36479.5156,36766.0543,36380.1417,36668.7013
2026-06-15 09:00:00,1781514000,36659.8711,37109.2787,36635.3101,37034.1144
2026-06-15 10:00:00,1781517600,37037.6490,37733.2584,36985.4372,37384.3199
2026-06-15 11:00:00,1781521200,37378.4262,37630.5728,37304.6968,37392.0301
2026-06-15 12:00:00,1781524800,37381.7343,37426.6980,37063.5643,37333.4259
2026-06-15 13:00:00,1781528400,37328.5426,37341.7523,36803.9583,36819.0148
2026-06-15 14:00:00,1781532000,36805.9551,36985.6813,36550.6374,36657.2834
2026-06-15 15:00:00,1781535600,36663.2972,36710.4298,36316.2841,36707.5349
2026-06-15 16:00:00,1781539200,36714.7413,36840.8559,36523.0375,36726.9591
2026-06-15 17:00:00,1781542800,36722.3832,36925.7177,36603.4763,36842.7960
2026-06-15 18:00:00,1781546400,36840.8706,36915.6800,36226.7963,36234.9160
2026-06-15 19:00:00,1781550000,36238.5557,36451.4795,36122.0218,36401.9619
2026-06-15 20:00:00,1781553600,36409.9751,36688.0902,36084.4963,36131.8011
2026-06-15 21:00:00,1781557200,36131.8845,36478.3546,36131.8845,36418.5272
2026-06-15 22:00:00,1781560800,36417.3101,36428.3592,35976.9507,36314.8181
2026-06-15 23:00:00,1781564400,36312.2922,36993.0148,36308.2336,36920.6019
2026-06-16 00:00:00,1781568000,36918.9205,37117.5013,36603.8326,36712.4588
2026-06-16 01:00:00,1781571600,36716.9904,37016.4185,36608.6647,36763.7998
2026-06-16 02:00:00,1781575200,36767.1997,37051.0160,36506.1631,36715.4190
2026-06-16 03:00:00,1781578800,36713.0037,37883.6520,36692.9938,37802.9268
2026-06-16 04:00:00,1781582400,37802.8300,38587.7366,37802.8300,38585.4203
2026-06-16 05:00:00,1781586000,38585.7037,38788.9740,38372.3652,38722.6990
2026-06-16 06:00:00,1781589600,38719.8138,38729.8959,38401.3489,38527.4689
2026-06-16 07:00:00,1781593200,38528.0032,39091.5604,38447.3193,38890.3198
2026-06-16 08:00:00,1781596800,38888.1422,39067.6156,38567.2277,38572.7699
2026-06-16 09:00:00,1781600400,38565.2059,38692.2991,38382.0416,38569.3065
2026-06-16 10:00:00,1781604000,38561.5064,38692.1697,38354.0714,38645.0033
2026-06-16 11:00:00,1781607600,38635.2524,38941.0989,38365.6483,38717.9585
2026-06-16 12:00:00,1781611200,38715.7245,38898.7774,38447.2664,38603.8512
2026-06-16 13:00:00,1781614800,38589.3583,38847.9265,38400.0813,38598.4662
2026-06-16 14:00:00,1781618400,38606.0828,38902.8869,38464.1670,38678.0962
2026-06-16 15:00:00,1781622000,38685.5407,39245.6557,38649.3321,39079.9909
2026-06-16 16:00:00,1781625600,39084.5240,39826.8174,38945.5193,39702.7733
2026-06-16 17:00:00,1781629200,39702.3647,40467.1242,39522.6627,40418.8590
2026-06-16 18:00:00,1781632800,40420.7804,40876.4950,40336.2031,40630.8805
2026-06-16 19:00:00,1781636400,40631.8205,40681.7745,39919.9437,40079.0353
2026-06-16 20:00:00,1781640000,40081.7484,40129.5057,39372.4225,39579.4021
2026-06-16 21:00:00,1781643600,39586.6862,39702.0361,39314.7692,39538.0762
2026-06-16 22:00:00,1781647200,39537.4937,39814.7482,39401.9812,39801.2964
2026-06-16 23:00:00,1781650800,39808.3640,40138.2081,39657.2864,40138.2081
2026-06-17 00:00:00,1781654400,40144.6396,40735.8590,40098.7197,40683.1276
2026-06-17 01:00:00,1781658000,40679.9440,40865.8637,40347.9894,40417.4368
2026-06-17 02:00:00,1781661600,40422.0174,40603.1087,39689.0544,39690.9046
2026-06-17 03:00:00,1781665200,39690.5008,39820.6006,39134.0457,39180.4229
2026-06-17 04:00:00,1781668800,39176.3604,39271.4981,38792.9696,38927.5170
2026-06-17 05:00:00,1781672400,38930.1738,39176.4738,38703.5188,38793.1592
2026-06-17 06:00:00,1781676000,38786.7019,39295.4521,38712.8342,39214.7046
2026-06-17 07:00:00,1781679600,39203.5279,39322.7146,38837.4875,38885.3001
2026-06-17 08:00:00,1781683200,38890.2912,38995.7429,38633.0237,38931.5207
2026-06-17 09:00:00,1781686800,38923.8874,39134.7977,38644.5675,38729.8583
2026-06-17 10:00:00,1781690400,38744.2821,39096.0847,38706.3839,38725.0867
2026-06-17 11:00:00,1781694000,38722.9078,38871.3087,38312.8554,38654.6752
2026-06-17 12:00:00,1781697600,38656.6378,38981.9906,38501.1803,38642.5683
2026-06-17 13:00:00,1781701200,38647.4332,38806.3477,38505.2662,38631.6501
2026-06-17 14:00:00,1781704800,38621.2635,39008.8750,38530.7803,38926.0707
2026-06-17 15:00:00,1781708400,38920.7612,38965.5831,38492.1630,38790.2560
2026-06-17 16:00:00,1781712000,38781.0095,38990.2524,38601.2394,38756.8569
2026-06-17 17:00:00,1781715600,38756.0466,39089.6697,38568.9459,38843.3301
2026-06-17 18:00:00,1781719200,38849.5177,38913.8612,38258.8060,38405.6512
2026-06-17 19:00:00,1781722800,38410.1650,38687.4727,38228.6988,38445.9601
2026-06-17 20:00:00,1781726400,38457.0941,38687.8838,38397.6959,38572.9432
2026-06-17 21:00:00,1781730000,38584.2583,38744.7131,38202.3331,38278.4582
2026-06-17 22:00:00,1781733600,38273.6795,38273.6795,37837.0622,37940.8667
2026-06-17 23:00:00,1781737200,37942.1498,37989.3540,37543.7520,37587.3575
2026-06-18 00:00:00,1781740800,37583.4775,38160.2226,37552.1171,38150.9063
2026-06-18 01:00:00,1781744400,38153.9430,38185.2055,37741.9752,38077.6540
2026-06-18 02:00:00,1781748000,38090.6592,38352.3322,38028.0672,38103.7569
2026-06-18 03:00:00,1781751600,38099.3601,38265.5420,37942.9318,38005.4246
2026-06-18 04:00:00,1781755200,38007.5079,38124.2869,37680.5678,37847.0468
2026-06-18 05:00:00,1781758800,37856.3505,38074.2460,37736.8120,37739.2466
2026-06-18 06:00:00,1781762400,37740.1998,37840.0262,37153.0032,37159.7895
2026-06-18 07:00:00,1781766000,37175.8558,37421.8490,36989.5485,37369.4094
2026-06-18 08:00:00,1781769600,37372.6288,37672.1616,37231.8040,37665.1026
2026-06-18 09:00:00,1781773200,37665.5058,38336.5529,37608.0980,38333.3605
2026-06-18 10:00:00,1781776800,38328.2220,38362.5073,37916.7250,37966.8563
2026-06-18 11:00:00,1781780400,37964.2239,38267.1328,37826.2949,38235.6284
2026-06-18 12:00:00,1781784000,38242.6167,38392.2799,37940.6204,38216.3566
2026-06-18 13:00:00,1781787600,38220.0264,38267.1016,37771.3456,38249.9736
2026-06-18 14:00:00,1781791200,38248.8641,38527.2319,38087.8603,38194.8961
2026-06-18 15:00:00,1781794800,38192.2487,38245.1530,37864.1181,37940.5090
2026-06-18 16:00:00,1781798400,37939.2030,38176.0640,37816.0924,37949.6674
2026-06-18 17:00:00,1781802000,37955.8234,38066.9627,37670.8608,38026.3047
2026-06-18 18:00:00,1781805600,38041.5684,38338.6765,37832.9697,37832.9697
2026-06-18 19:00:00,1781809200,37827.1675,37827.1675,37189.1957,37309.4985
2026-06-18 20:00:00,1781812800,37305.1269,37584.1090,37141.6949,37414.3587
2026-06-18 21:00:00,1781816400,37429.4379,37614.3153,37103.2985,37367.8359
2026-06-18 22:00:00,1781820000,37354.0317,37728.1425,37295.3017,37410.5404
2026-06-18 23:00:00,1781823600,37414.1651,38316.5981,37369.6568,38240.4807
2026-06-19 00:00:00,1781827200,38241.1797,38419.4999,38040.4102,38335.9965
2026-06-19 01:00:00,1781830800,38339.3258,38485.2935,38110.2640,38166.4249
2026-06-19 02:00:00,1781834400,38176.1917,38543.4876,37985.2227,38319.9099
2026-06-19 03:00:00,1781838000,38315.7687,38347.5773,37666.8927,37817.6866
2026-06-19 04:00:00,1781841600,37811.1178,38194.5609,37697.1456,38168.6091
2026-06-19 05:00:00,1781845200,38163.4431,38307.5114,38058.2211,38128.7052
2026-06-19 06:00:00,1781848800,38122.6285,38272.9428,37822.3880,37958.5532
2026-06-19 07:00:00,1781852400,37948.8014,37986.0756,37658.6337,37962.5531
2026-06-19 08:00:00,1781856000,37974.2440,38120.6537,37834.3448,37879.4645
2026-06-19 09:00:00,1781859600,37872.4761,38228.9692,37737.5623,38226.4348
2026-06-19 10:00:00,1781863200,38226.3188,38474.8641,38064.3323,38462.4769
2026-06-19 11:00:00,1781866800,38458.0210,38869.7183,38359.6197,38692.7767
2026-06-19 12:00:00,1781870400,38697.9771,39040.5059,38634.2339,39029.5795
2026-06-19 13:00:00,1781874000,39027.2172,39094.2712,38725.7774,38852.3402
2026-06-19 14:00:00,1781877600,38853.3620,38989.3978,38680.9517,38813.9146
2026-06-19 15:00:00,1781881200,38804.3327,38864.0261,38437.0393,38457.9747
2026-06-19 16:00:00,1781884800,38460.2701,38685.1506,38324.4188,38371.9502
2026-06-19 17:00:00,1781888400,38366.4088,38487.4356,38173.4959,38358.6556
2026-06-19 18:00:00,1781892000,38355.3108,38388.0914,37962.9294,38223.1429
2026-06-19 19:00:00,1781895600,38218.6273,38700.8924,38218.6273,38478.3288
2026-06-19 20:00:00,1781899200,38486.8193,38964.5242,38396.4062,38797.7551
2026-06-19 21:00:00,1781902800,38788.8738,39098.4497,38724.4404,38984.1541
2026-06-19 22:00:00,1781906400,38994.6454,39055.3083,38580.7422,38662.8248
2026-06-19 23:00:00,1781910000,38672.4346,39136.1834,38635.9726,39133.1915
2026-06-20 00:00:00,1781913600,39124.6336,39284.6830,38528.0780,38533.3788
2026-06-20 01:00:00,1781917200,38537.1475,38682.9191,37999.3309,38037.8455
2026-06-20 02:00:00,1781920800,38048.4224,38556.5462,38041.3793,38509.8829
2026-06-20 03:00:00,1781924400,38516.1420,38710.9877,38175.8332,38182.1174
2026-06-20 04:00:00,1781928000,38173.2335,38307.5012,37813.5146,37834.4979
2026-06-20 05:00:00,1781931600,37848.7697,37982.7366,37637.4767,37710.9093
2026-06-20 06:00:00,1781935200,37706.3528,37919.5233,37263.2636,37295.1281
2026-06-20 07:00:00,1781938800,37295.7166,37471.7163,37088.3904,37253.6278
2026-06-20 08:00:00,1781942400,37250.1607,37252.3250,36678.9437,36870.5132
2026-06-20 09:00:00,1781946000,36863.0959,36934.1947,36530.7819,36744.9756
2026-06-20 10:00:00,1781949600,36745.9799,37389.0821,36638.7865,37380.0200
2026-06-20 11:00:00,1781953200,37369.2139,37411.4667,36890.1220,37052.2749
2026-06-20 12:00:00,1781956800,37048.9196,37581.1149,36964.1155,37366.5128
2026-06-20 13:00:00,1781960400,37367.5065,37980.4654,37349.8665,37853.5261
2026-06-20 14:00:00,1781964000,37870.6123,38167.4490,37863.9963,38160.8387
2026-06-20 15:00:00,1781967600,38160.6398,38365.2742,37932.7188,37978.3508
2026-06-20 16:00:00,1781971200,37989.9038,38285.1712,37735.4565,37738.3197
2026-06-20 17:00:00,1781974800,37727.3000,38218.0804,37686.0656,38169.0986
2026-06-20 18:00:00,1781978400,38168.1120,38439.6471,37963.6034,38103.8622
2026-06-20 19:00:00,1781982000,38103.6721,38346.6486,37740.3183,38291.7225
2026-06-20 20:00:00,1781985600,38293.4097,38418.4656,38134.7619,38259.2480
2026-06-20 21:00:00,1781989200,38251.3635,38776.3814,38045.4149,38645.3405
2026-06-20 22:00:00,1781992800,38651.3084,39135.5422,38349.2840,38845.5963
2026-06-20 23:00:00,1781996400,38833.0350,38833.0350,38345.9302,38392.1140
2026-06-21 00:00:00,1782000000,38388.8344,38489.1044,38185.5286,38223.7111
2026-06-21 01:00:00,1782003600,38222.2696,38235.9045,37688.8812,37688.8812
2026-06-21 02:00:00,1782007200,37687.4275,38171.8361,37664.0141,37996.5706
2026-06-21 03:00:00,1782010800,38005.9820,38227.5688,37830.7161,37892.7394
2026-06-21 04:00:00,1782014400,37894.5153,38133.0125,37800.7500,38015.5672
2026-06-21 05:00:00,1782018000,38010.0593,38662.4941,37985.5204,38439.6474
2026-06-21 06:00:00,1782021600,38435.4999,38435.4999,37822.2698,37844.4883
2026-06-21 07:00:00,1782025200,37839.9647,38464.3872,37788.6742,38391.9231
2026-06-21 08:00:00,1782028800,38393.5125,38453.8749,37828.4272,37997.6446
2026-06-21 09:00:00,1782032400,38004.0309,38041.5820,37581.1961,37636.3493
2026-06-21 10:00:00,1782036000,37644.1510,37902.9897,37521.3154,37606.7013
2026-06-21 11:00:00,1782039600,37609.4822,37921.7037,37513.7639,37683.0578
2026-06-21 12:00:00,1782043200,37682.4021,37869.0410,37613.7255,37730.0909
2026-06-21 13:00:00,1782046800,37743.2265,37950.3148,37542.2515,37664.1992
2026-06-21 14:00:00,1782050400,37655.8263,37783.4608,37436.5026,37552.1890
2026-06-21 15:00:00,1782054000,37549.6880,37991.1263,37525.8931,37872.6335
2026-06-21 16:00:00,1782057600,37868.4338,38012.3343,37552.5463,37782.4321
2026-06-21 17:00:00,1782061200,37778.5008,38172.5125,37751.0893,37835.8820
2026-06-21 18:00:00,1782064800,37838.5875,37880.7339,37430.5621,37508.3767
2026-06-21 19:00:00,1782068400,37507.4358,37540.3620,37108.2617,37312.4695
2026-06-21 20:00:00,1782072000,37304.9901,37400.4975,37167.4540,37287.2237
2026-06-21 21:00:00,1782075600,37279.0420,37524.8898,36916.0837,37418.3605
2026-06-21 22:00:00,1782079200,37423.9420,37696.3846,37397.9187,37585.6795
2026-06-21 23:00:00,1782082800,37594.9176,38319.5479,37529.8320,38031.1348
2026-06-22 00:00:00,1782086400,38024.6457,38113.4051,37780.8115,37879.1359
2026-06-22 01:00:00,1782090000,37871.2347,38263.5683,37840.5723,38027.2442
2026-06-22 02:00:00,1782093600,38034.6231,38133.8342,37830.7848,38112.3639
2026-06-22 03:00:00,1782097200,38111.1807,38790.9873,38093.4866,38772.9886
2026-06-22 04:00:00,1782100800,38774.6284,39007.0242,38571.6251,38918.3293
2026-06-22 05:00:00,1782104400,38914.3063,39160.8913,38707.6540,39127.5802
2026-06-22 06:00:00,1782108000,39133.4456,39433.0279,38968.8249,39039.5687
2026-06-22 07:00:00,1782111600,39040.9937,39470.5094,38873.2098,39376.5371
2026-06-22 08:00:00,1782115200,39373.9522,39464.6625,38948.9769,38979.3135
2026-06-22 09:00:00,1782118800,38972.7901,39967.2946,38957.5329,39836.8543
2026-06-22 10:00:00,1782122400,39840.4393,40498.6540,39770.4497,40439.7864
2026-06-22 11:00:00,1782126000,40440.5827,40480.4230,40021.0379,40435.0835
2026-06-22 12:00:00,1782129600,40430.5364,40633.3847,40122.3869,40619.7053
2026-06-22 13:00:00,1782133200,40607.1929,40626.9153,40065.7307,40243.4334
2026-06-22 14:00:00,1782136800,40249.4793,40612.0141,40169.0435,40404.6758
2026-06-22 15:00:00,1782140400,40411.2989,40757.8319,40224.0457,40734.2217
2026-06-22 16:00:00,1782144000,40725.5448,40932.0366,40573.5323,40673.1791
2026-06-22 17:00:00,1782147600,40673.9467,40699.3254,40378.9864,40560.1667
2026-06-22 18:00:00,1782151200,40558.7202,40687.4053,40123.0735,40330.6520
2026-06-22 19:00:00,1782154800,40334.1787,40468.9448,39869.1288,39877.1648
2026-06-22 20:00:00,1782158400,39887.9133,40308.8789,39636.6739,40162.9713
2026-06-22 21:00:00,1782162000,40157.4894,40517.6557,39902.4538,40487.2342
2026-06-22 22:00:00,1782165600,40479.1636,40700.4579,40248.2598,40265.4489
2026-06-22 23:00:00,1782169200,40263.4304,40493.9210,40144.5800,40457.1743
2026-06-23 00:00:00,1782172800,40462.7306,40501.0203,39907.0341,40137.2456
2026-06-23 01:00:00,1782176400,40117.7140,40440.2047,40079.8529,40280.8786
2026-06-23 02:00:00,1782180000,40290.5406,40384.7156,39846.6505,40078.9454
2026-06-23 03:00:00,1782183600,40069.7686,40695.3156,39815.8541,40539.2057
2026-06-23 04:00:00,1782187200,40539.5906,40567.5740,39899.2524,40426.3134
2026-06-23 05:00:00,1782190800,40424.8011,40424.8011,39895.8998,40370.6634
2026-06-23 06:00:00,1782194400,40369.1226,40437.5321,39650.0990,40087.5334
2026-06-23 07:00:00,1782198000,40090.4352,40159.4322,39729.9413,39946.8942
2026-06-23 08:00:00,1782201600,39942.7349,40365.3386,39935.9870,40282.5205
2026-06-23 09:00:00,1782205200,40287.3266,40463.1590,39970.6694,39995.7459
2026-06-23 10:00:00,1782208800,39998.9046,40009.7849,39641.9614,39815.7148
2026-06-23 11:00:00,1782212400,39823.6192,39993.4502,39508.8562,39763.4879
2026-06-23 12:00:00,1782216000,39759.1395,39883.8959,39527.3401,39763.2338
2026-06-23 13:00:00,1782219600,39767.3057,40095.4336,39677.0072,39763.9182
2026-06-23 14:00:00,1782223200,39761.5576,39858.0139,39547.4671,39806.4379
2026-06-23 15:00:00,1782226800,39798.2137,39813.0671,39399.1934,39602.6167
2026-06-23 16:00:00,1782230400,39601.9003,39816.0988,39456.7939,39706.8895
2026-06-23 17:00:00,1782234000,39697.3050,39716.2312,39259.2562,39361.1565
2026-06-23 18:00:00,1782237600,39360.8272,39410.1633,39103.8048,39234.1078
2026-06-23 19:00:00,1782241200,39237.6949,39598.2344,39192.0116,39574.7229
2026-06-23 20:00:00,1782244800,39572.9969,39840.0014,39277.2289,39715.6746
2026-06-23 21:00:00,1782248400,39706.6850,39876.8490,39466.6956,39854.6176
2026-06-23 22:00:00,1782252000,39852.7570,39874.1694,39346.2051,39346.2051
2026-06-23 23:00:00,1782255600,39348.4968,39410.5810,39012.2511,39094.7345
2026-06-24 00:00:00,1782259200,39101.6900,39326.0258,38844.3514,39064.4915
2026-06-24 01:00:00,1782262800,39070.6114,39281.2954,39019.4676,39250.7521
2026-06-24 02:00:00,1782266400,39259.3598,39666.8973,39251.5866,39333.9409
2026-06-24 03:00:00,1782270000,39338.4533,39694.0860,39005.9379,39678.5736
2026-06-24 04:00:00,1782273600,39668.3442,39907.3804,39171.4274,39402.8138
2026-06-24 05:00:00,1782277200,39400.2999,39471.3795,38999.3662,39170.0029
2026-06-24 06:00:00,1782280800,39180.0192,39416.6229,38987.8819,39315.0475
2026-06-24 07:00:00,1782284400,39316.4869,39378.9593,38967.6306,39060.7715
2026-06-24 08:00:00,1782288000,39053.4100,39144.0391,38636.0342,38771.9940
2026-06-24 09:00:00,1782291600,38756.0455,39085.6041,38650.9226,39019.5396
2026-06-24 10:00:00,1782295200,39021.5307,39275.8188,38691.2767,38703.1704
2026-06-24 11:00:00,1782298800,38700.6211,39060.9261,38592.8621,39024.8619
2026-06-24 12:00:00,1782302400,39022.8052,39361.0884,38760.8402,38885.4398
2026-06-24 13:00:00,1782306000,38891.7552,38903.1344,38317.9508,38643.8096
2026-06-24 14:00:00,1782309600,38643.4371,38643.4371,38182.2789,38259.5782
2026-06-24 15:00:00,1782313200,38258.1184,38659.9441,38244.1047,38577.4059
2026-06-24 16:00:00,1782316800,38575.6525,39228.1095,38518.1344,39131.9828
2026-06-24 17:00:00,1782320400,39132.0501,39222.1538,38855.3805,39074.4391
2026-06-24 18:00:00,1782324000,39086.3012,39435.7400,39079.0780,39387.5858
2026-06-24 19:00:00,1782327600,39394.0241,40121.7556,39239.6738,40090.6080
2026-06-24 20:00:00,1782331200,40090.9442,40260.4511,39944.8525,39970.0268
2026-06-24 21:00:00,1782334800,39959.5019,40263.4994,39729.3201,40263.4994
2026-06-24 22:00:00,1782338400,40261.0589,40573.4159,40165.1214,40547.1963
2026-06-24 23:00:00,1782342000,40555.4757,40832.5172,40390.9543,40832.5172
2026-06-25 00:00:00,1782345600,40829.4366,40912.4096,40507.5633,40580.3998
2026-06-25 01:00:00,1782349200,40577.8880,41063.9625,40523.2082,40885.4029
2026-06-25 02:00:00,1782352800,40880.5639,40995.4079,40496.0737,40663.2729
2026-06-25 03:00:00,1782356400,40661.0580,40753.3402,40093.3968,40288.9598
2026-06-25 04:00:00,1782360000,40297.0584,40590.4093,40201.0688,40426.6242
2026-06-25 05:00:00,1782363600,40425.6491,41173.8747,40359.1216,41103.8142
2026-06-25 06:00:00,1782367200,41114.5555,41277.4471,41009.1876,41051.1686
2026-06-25 07:00:00,1782370800,41055.3259,41330.3990,40961.1008,41135.7006
2026-06-25 08:00:00,1782374400,41144.3325,41243.6732,40933.3062,40995.9903
2026-06-25 09:00:00,1782378000,40995.9953,41584.2209,40877.6069,41584.2209
2026-06-25 10:00:00,1782381600,41583.7876,41753.0217,41366.0984,41731.3354
2026-06-25 11:00:00,1782385200,41714.9298,41889.1539,41417.0378,41476.8783
2026-06-25 12:00:00,1782388800,41464.2225,41599.3121,41233.8408,41430.0157
2026-06-25 13:00:00,1782392400,41423.8307,41621.4162,40947.7879,41112.0096
2026-06-25 14:00:00,1782396000,41108.0998,41544.5436,41107.1156,41537.8532
2026-06-25 15:00:00,1782399600,41550.0767,41603.0713,41162.6776,41279.5613
2026-06-25 16:00:00,1782403200,41283.6242,42291.7886,41177.8446,42250.6121
2026-06-25 17:00:00,1782406800,42244.4413,42455.7805,41882.3986,41882.8618
2026-06-25 18:00:00,1782410400,41892.1871,42161.1170,41835.4494,41953.8677
2026-06-25 19:00:00,1782414000,41962.7445,42281.4625,41895.6909,42108.6775
2026-06-25 20:00:00,1782417600,42113.2595,42824.1253,42005.9994,42755.4258
2026-06-25 21:00:00,1782421200,42742.0659,43220.2792,42666.9540,43113.9240
2026-06-25 22:00:00,1782424800,43117.7520,43333.9112,42688.6728,42759.6080
2026-06-25 23:00:00,1782428400,42755.6795,42894.6927,42517.8247,42617.4031
2026-06-26 00:00:00,1782432000,42630.4281,43365.7571,42513.7561,43364.1172
2026-06-26 01:00:00,1782435600,43376.8255,43451.4933,42746.8710,42999.3882
2026-06-26 02:00:00,1782439200,42999.1191,43832.8158,42999.1191,43783.3345
2026-06-26 03:00:00,1782442800,43774.2194,44423.8568,43507.8965,44400.2878
2026-06-26 04:00:00,1782446400,44394.1774,44985.2055,44388.1945,44745.6144
2026-06-26 05:00:00,1782450000,44754.6233,44856.8977,44400.8731,44592.3579
2026-06-26 06:00:00,1782453600,44577.4247,44652.3262,43780.1738,43947.7568
2026-06-26 07:00:00,1782457200,43946.0815,44057.6670,43536.5340,43558.3398
2026-06-26 08:00:00,1782460800,43555.7609,44194.7755,43410.4564,44190.2891
2026-06-26 09:00:00,1782464400,44198.1208,44231.2473,43864.2384,43971.8568
2026-06-26 10:00:00,1782468000,43986.0970,44331.9461,43932.7117,44110.3446
2026-06-26 11:00:00,1782471600,44105.5369,44413.3735,43888.8636,44163.7732
2026-06-26 12:00:00,1782475200,44157.4898,44679.7569,43842.8062,44596.2915
2026-06-26 13:00:00,1782478800,44574.4998,45004.2164,44241.4953,44981.3870
2026-06-26 14:00:00,1782482400,44988.7566,45000.6651,44096.0161,44476.0170
2026-06-26 15:00:00,1782486000,44480.9338,44830.7587,44249.3510,44830.7587
2026-06-26 16:00:00,1782489600,44822.8359,44858.4434,44264.9345,44350.0362
2026-06-26 17:00:00,1782493200,44340.6160,44469.4185,43937.0280,44030.1614
2026-06-26 18:00:00,1782496800,44037.4835,44056.6088,43759.9472,43787.4198
2026-06-26 19:00:00,1782500400,43789.0942,43820.7273,43348.6047,43510.0132
2026-06-26 20:00:00,1782504000,43514.1287,43646.2795,43253.2517,43448.3634
2026-06-26 21:00:00,1782507600,43436.8058,43580.8419,43039.1747,43058.4466
2026-06-26 22:00:00,1782511200,43060.1586,43137.7569,42789.7960,43043.7282
2026-06-26 23:00:00,1782514800,43051.5850,43101.5350,42621.6724,42960.4236
2026-06-27 00:00:00,1782518400,42958.2299,43372.3927,42892.7986,43280.6685
2026-06-27 01:00:00,1782522000,43277.8034,43647.9025,43251.2015,43530.0424
2026-06-27 02:00:00,1782525600,43527.1136,43840.9590,43227.2297,43707.6051
2026-06-27 03:00:00,1782529200,43705.7418,44160.6924,43635.5022,44115.2594
2026-06-27 04:00:00,1782532800,44113.8209,44165.0147,43466.7482,43659.1126
2026-06-27 05:00:00,1782536400,43648.0954,43815.4281,43408.0133,43792.1711
2026-06-27 06:00:00,1782540000,43782.1586,44074.2234,43342.1547,43527.5858
2026-06-27 07:00:00,1782543600,43525.2683,43789.7336,43211.8014,43349.8560
2026-06-27 08:00:00,1782547200,43348.5651,43848.3977,43348.5651,43702.0737
2026-06-27 09:00:00,1782550800,43691.1070,44102.1293,43560.8487,43659.7311
2026-06-27 10:00:00,1782554400,43667.8109,43864.6356,43481.2678,43597.7372
2026-06-27 11:00:00,1782558000,43588.2438,43977.2400,43448.6070,43890.6460
2026-06-27 12:00:00,1782561600,43888.0438,44131.8566,43799.4974,43958.2252
2026-06-27 13:00:00,1782565200,43962.8925,44143.0112,43606.8663,43626.0155
2026-06-27 14:00:00,1782568800,43627.2138,44116.4565,43471.2255,44104.9351
2026-06-27 15:00:00,1782572400,44111.1249,44137.3994,43518.4467,43542.2595
2026-06-27 16:00:00,1782576000,43547.8857,43569.5024,43185.7739,43272.3295
2026-06-27 17:00:00,1782579600,43269.8709,43747.0937,43219.6299,43660.9354
2026-06-27 18:00:00,1782583200,43671.7277,43828.4325,43401.8411,43828.4325
2026-06-27 19:00:00,1782586800,43825.1586,43951.6320,43677.5656,43708.8233
2026-06-27 20:00:00,1782590400,43706.0884,44313.3178,43601.2432,43769.3418
2026-06-27 21:00:00,1782594000,43763.5487,43800.8099,42982.5268,43085.3076
2026-06-27 22:00:00,1782597600,43075.8185,43296.0083,42951.1562,43296.0083
2026-06-27 23:00:00,1782601200,43298.8056,43840.3752,42972.3322,43564.7964
2026-06-28 00:00:00,1782604800,43566.5821,43917.9210,43358.0953,43651.0186
2026-06-28 01:00:00,1782608400,43661.0772,44628.1010,43614.4541,44527.0252
2026-06-28 02:00:00,1782612000,44533.5302,45072.5843,44295.0246,45026.5117
2026-06-28 03:00:00,1782615600,45031.5787,45052.3596,44373.2322,44852.4151
2026-06-28 04:00:00,1782619200,44856.6314,45584.0983,44845.1205,45433.9684
2026-06-28 05:00:00,1782622800,45441.7056,46118.2642,45436.4984,45914.9875
2026-06-28 06:00:00,1782626400,45927.5427,46157.3277,45703.1580,45897.9567
2026-06-28 07:00:00,1782630000,45909.4799,46081.4538,45706.6787,45738.2354
2026-06-28 08:00:00,1782633600,45734.9610,45894.2424,45309.0869,45450.7921
2026-06-28 09:00:00,1782637200,45456.1335,45531.9548,45176.7362,45248.3248
2026-06-28 10:00:00,1782640800,45251.7987,45528.1367,45188.6102,45343.6257
2026-06-28 11:00:00,1782644400,45352.9624,45478.1502,45068.1791,45472.6466
2026-06-28 12:00:00,1782648000,45468.4505,46011.9958,45453.1620,45626.4008
2026-06-28 13:00:00,1782651600,45639.2493,45736.1336,45351.5942,45647.9842
2026-06-28 14:00:00,1782655200,45644.9851,45877.5055,45487.7054,45732.1786
2026-06-28 15:00:00,1782658800,45727.5791,46453.6890,45689.0039,46303.8970
2026-06-28 16:00:00,1782662400,46299.5212,46695.2727,46248.7830,46302.5244
2026-06-28 17:00:00,1782666000,46307.9556,46370.6615,45720.3162,45884.8605
2026-06-28 18:00:00,1782669600,45883.1216,46002.3589,45581.9881,45631.1660
2026-06-28 19:00:00,1782673200,45633.7220,46144.0598,45571.1419,46112.6154
2026-06-28 20:00:00,1782676800,46118.1887,46686.2820,45918.5319,46667.7588
2026-06-28 21:00:00,1782680400,46674.9668,47358.8724,46644.0614,47101.9401
2026-06-28 22:00:00,1782684000,47099.5874,47667.0455,47087.7838,47461.2634
2026-06-28 23:00:00,1782687600,47459.6671,47873.9914,47222.7143,47815.3735
2026-06-29 00:00:00,1782691200,47816.3066,47991.4304,47295.3308,47800.8895
2026-06-29 01:00:00,1782694800,47788.6258,48205.9252,47712.5505,48098.9250
2026-06-29 02:00:00,1782698400,48114.8649,48893.4833,48114.8649,48817.9760
2026-06-29 03:00:00,1782702000,48821.6491,48931.8262,48360.3208,48391.1804
2026-06-29 04:00:00,1782705600,48391.2433,48913.8832,48235.3645,48726.0458
2026-06-29 05:00:00,1782709200,48724.5876,49030.8263,48685.0537,48887.4297
2026-06-29 06:00:00,1782712800,48906.0785,49539.8078,48590.6666,49261.0974
2026-06-29 07:00:00,1782716400,49257.0742,49655.6839,49133.6796,49346.2263
2026-06-29 08:00:00,1782720000,49343.9253,49416.2983,49043.4037,49135.5535
2026-06-29 09:00:00,1782723600,49122.8706,49505.9154,48999.8890,49017.4469
2026-06-29 10:00:00,1782727200,49010.1203,49055.1491,48519.7175,48594.3286
2026-06-29 11:00:00,1782730800,48602.9351,49019.3500,48464.1638,49000.0657
2026-06-29 12:00:00,1782734400,49006.3067,49227.2476,48786.7643,48956.8118
2026-06-29 13:00:00,1782738000,48961.8458,49459.9761,48879.0643,49290.9386
2026-06-29 14:00:00,1782741600,49299.1247,49464.9413,49015.0549,49188.1614
2026-06-29 15:00:00,1782745200,49191.2637,49255.5564,48199.6993,48371.1237
2026-06-29 16:00:00,1782748800,48375.0685,48445.3481,48132.4500,48280.7193
2026-06-29 17:00:00,1782752400,48289.4515,48456.5345,47957.0151,48323.2461
2026-06-29 18:00:00,1782756000,48338.0421,48522.1459,47946.5870,48401.1154
2026-06-29 19:00:00,1782759600,48407.1040,48595.4626,48073.8239,48443.7306
2026-06-29 20:00:00,1782763200,48443.7782,49217.4022,48345.8506,49217.4022
2026-06-29 21:00:00,1782766800,49209.2962,49239.7132,48336.7345,48353.0818
2026-06-29 22:00:00,1782770400,48364.7485,48635.6226,48216.1588,48563.6979
2026-06-29 23:00:00,1782774000,48566.1859,48783.5767,48275.5618,48456.9220
2026-06-30 00:00:00,1782777600,48457.2697,48542.9684,48173.3954,48280.3313
2026-06-30 01:00:00,1782781200,48278.2175,48686.9496,48086.5385,48554.0780
2026-06-30 02:00:00,1782784800,48548.5824,48588.0887,47849.7585,48133.6268
2026-06-30 03:00:00,1782788400,48137.5778,48290.6898,47551.1820,47574.2923
2026-06-30 04:00:00,1782792000,47573.3409,47689.6994,47220.0943,47237.3489
2026-06-30 05:00:00,1782795600,47245.9483,47386.6048,46992.4980,47174.8006
2026-06-30 06:00:00,1782799200,47177.4735,47685.0930,47030.6441,47663.7403
2026-06-30 07:00:00,1782802800,47664.3539,48135.4737,47220.0659,48066.2244
2026-06-30 08:00:00,1782806400,48064.4997,48933.9688,47970.1703,48677.2565
2026-06-30 09:00:00,1782810000,48682.0621,48995.8066,48326.0699,48452.4910
2026-06-30 10:00:00,1782813600,48440.3858,48641.6397,48186.3568,48307.4999
2026-06-30 11:00:00,1782817200,48306.7588,48394.4423,47947.5623,48108.9108
2026-06-30 12:00:00,1782820800,48102.8325,48767.9571,48007.0152,48740.9577
2026-06-30 13:00:00,1782824400,48747.2143,49508.8716,48653.9142,48981.5798
2026-06-30 14:00:00,1782828000,48969.8151,49403.3298,48688.4367,49026.1593
2026-06-30 15:00:00,1782831600,49014.9664,49589.2504,48900.2470,49235.5893
2026-06-30 16:00:00,1782835200,49232.9571,49325.0254,48870.9482,49156.1078
2026-06-30 17:00:00,1782838800,49148.2470,49161.2894,48750.7207,48965.7709
2026-06-30 18:00:00,1782842400,48969.6033,49231.9258,48910.6707,49046.5778
2026-06-30 19:00:00,1782846000,49041.2355,49498.9512,48864.2691,49140.7852
2026-06-30 20:00:00,1782849600,49148.9759,49166.2675,48409.5592,48673.3841
2026-06-30 21:00:00,1782853200,48679.4039,48807.3928,48253.1455,48253.1455
2026-06-30 22:00:00,1782856800,48246.8561,48544.4042,48144.8382,48337.3414
2026-06-30 23:00:00,1782860400,48332.6882,48417.9090,48036.3858,48217.3223
2026-07-01 00:00:00,1782864000,48221.1427,48588.9884,47946.2471,48457.4408
2026-07-01 01:00:00,1782867600,48475.8176,48549.1596,47944.3067,48013.8921
2026-07-01 02:00:00,1782871200,48005.7049,48084.1977,47514.7556,47611.5383
2026-07-01 03:00:00,1782874800,47607.9405,47780.2265,47253.3152,47367.3261
2026-07-01 04:00:00,1782878400,47366.3137,47678.2908,47096.4867,47588.5738
2026-07-01 05:00:00,1782882000,47596.4435,47608.2067,46882.4972,47251.6145
2026-07-01 06:00:00,1782885600,47261.9190,47298.7145,46616.5151,46725.8554
2026-07-01 07:00:00,1782889200,46711.3294,46870.3814,46587.4094,46831.6265
2026-07-01 08:00:00,1782892800,46829.8056,46934.9614,46245.3591,46394.5464
2026-07-01 09:00:00,1782896400,46400.6091,46632.9473,46217.2034,46368.4737
2026-07-01 10:00:00,1782900000,46376.7505,46699.9804,46356.2888,46452.9023
2026-07-01 11:00:00,1782903600,46451.8382,46454.4591,45901.2695,45949.2387
2026-07-01 12:00:00,1782907200,45959.2190,45986.3672,45534.2027,45917.3599
2026-07-01 13:00:00,1782910800,45920.8885,46041.7193,45515.2736,46018.5874
2026-07-01 14:00:00,1782914400,46011.1431,46536.1721,45944.0034,46080.9925
2026-07-01 15:00:00,1782918000,46082.7658,46082.7658,45739.8254,45831.9383
2026-07-01 16:00:00,1782921600,45840.1322,45855.5203,45487.2101,45649.9295
2026-07-01 17:00:00,1782925200,45653.0485,45924.8453,45278.1588,45370.2871
2026-07-01 18:00:00,1782928800,45372.7198,46111.1531,45352.2365,45940.5865
2026-07-01 19:00:00,1782932400,45937.8684,46163.8431,45709.0448,45816.7501
2026-07-01 20:00:00,1782936000,45816.3619,46498.1677,45805.0882,46453.1364
2026-07-01 21:00:00,1782939600,46458.6481,46740.4159,46160.2990,46375.2243
2026-07-01 22:00:00,1782943200,46379.0574,46604.6055,46297.2462,46533.3069
2026-07-01 23:00:00,1782946800,46542.5594,47509.1446,46416.9151,47509.1446
2026-07-02 00:00:00,1782950400,47498.6637,47681.9379,47168.4803,47211.2072
2026-07-02 01:00:00,1782954000,47221.3032,47388.3479,47021.4695,47288.1900
2026-07-02 02:00:00,1782957600,47283.3448,47457.9181,46838.1603,47179.0367
2026-07-02 03:00:00,1782961200,47183.6204,47489.4273,47102.3306,47192.6106
2026-07-02 04:00:00,1782964800,47198.7211,47829.0960,47179.0013,47805.1627
2026-07-02 05:00:00,1782968400,47817.6093,48149.5495,47529.2170,47929.1301
2026-07-02 06:00:00,1782972000,47927.8577,48812.3906,47885.3543,48670.3621
2026-07-02 07:00:00,1782975600,48681.6332,48828.0364,48345.8651,48458.1263
2026-07-02 08:00:00,1782979200,48464.1046,48464.1046,47648.5919,47650.6774
2026-07-02 09:00:00,1782982800,47641.9105,47966.4636,47471.2056,47710.4469
2026-07-02 10:00:00,1782986400,47714.2155,48146.3681,47645.1361,47750.7446
2026-07-02 11:00:00,1782990000,47745.3592,48312.4173,47525.4068,48223.0946
2026-07-02 12:00:00,1782993600,48217.2350,48797.4662,47904.5116,48707.4757
2026-07-02 13:00:00,1782997200,48707.6255,48955.0612,48613.1559,48821.9452
2026-07-02 14:00:00,1783000800,48828.5897,49195.6509,48694.2527,48784.5597
2026-07-02 15:00:00,1783004400,48790.5646,49775.1944,48731.4248,49751.0510
2026-07-02 16:00:00,1783008000,49735.6931,49828.8414,49350.9401,49715.1018
2026-07-02 17:00:00,1783011600,49713.3701,49747.8075,49218.6812,49373.3984
2026-07-02 18:00:00,1783015200,49373.5788,49373.5788,48658.8286,48702.6091
2026-07-02 19:00:00,1783018800,48726.4369,48991.0478,48296.0660,48930.4527
2026-07-02 20:00:00,1783022400,48944.0228,49196.1614,48768.5394,48923.4772
2026-07-02 21:00:00,1783026000,48925.8291,49190.0856,48646.0256,49150.5463
2026-07-02 22:00:00,1783029600,49149.5534,49347.1082,48986.4516,49071.7402
2026-07-02 23:00:00,1783033200,49084.7985,49715.9708,49055.8178,49241.3404
2026-07-03 00:00:00,1783036800,49249.1935,49831.1989,49237.5965,49796.4549
2026-07-03 01:00:00,1783040400,49819.6527,50081.7253,49635.7131,50024.1126
2026-07-03 02:00:00,1783044000,50021.8914,50400.4007,49930.9351,50343.0809
2026-07-03 03:00:00,1783047600,50338.8985,50821.7685,50192.8396,50487.2989
2026-07-03 04:00:00,1783051200,50485.6564,50726.5522,49761.6913,49848.8494
2026-07-03 05:00:00,1783054800,49853.5819,50121.2649,49679.2250,49680.6452
2026-07-03 06:00:00,1783058400,49655.4955,50321.2002,49365.5344,50313.9130
2026-07-03 07:00:00,1783062000,50325.9522,50983.2370,50185.1719,50818.6135
2026-07-03 08:00:00,1783065600,50830.9140,50945.5660,50215.3134,50564.6683
2026-07-03 09:00:00,1783069200,50553.1294,50826.4491,50312.0468,50711.0608
2026-07-03 10:00:00,1783072800,50703.9528,50905.7832,50499.0044,50857.9229
2026-07-03 11:00:00,1783076400,50870.3127,51114.5343,50604.0969,50699.5424
2026-07-03 12:00:00,1783080000,50692.8240,50894.9718,50072.4684,50200.5410
2026-07-03 13:00:00,1783083600,50211.3484,50953.7564,50170.6280,50738.4973
2026-07-03 14:00:00,1783087200,50732.2548,50856.9649,50451.9806,50756.7063
2026-07-03 15:00:00,1783090800,50767.9083,51038.7003,50446.6808,50772.1437
2026-07-03 16:00:00,1783094400,50785.7874,51379.8937,50680.7882,51118.6539
2026-07-03 17:00:00,1783098000,51115.1728,51130.0613,50470.4764,50949.3157
2026-07-03 18:00:00,1783101600,50947.9259,51217.8585,50641.0191,50781.6865
2026-07-03 19:00:00,1783105200,50775.2838,50898.8994,50520.1646,50719.9774
2026-07-03 20:00:00,1783108800,50719.3243,50724.7738,49996.2680,50260.4047
2026-07-03 21:00:00,1783112400,50261.5617,50519.5622,49974.5003,50120.5897
2026-07-03 22:00:00,1783116000,50123.2423,50545.9772,50048.0699,50477.9543
2026-07-03 23:00:00,1783119600,50483.8135,50778.0332,50082.1689,50126.9607
2026-07-04 00:00:00,1783123200,50119.2237,50211.2424,49163.3458,49298.9202
2026-07-04 01:00:00,1783126800,49318.6037,49973.2213,49272.5988,49948.4501
2026-07-04 02:00:00,1783130400,49931.5837,50112.8332,48868.3332,49050.6397
2026-07-04 03:00:00,1783134000,49055.5449,49377.2323,48780.0719,49267.0280
2026-07-04 04:00:00,1783137600,49260.4157,49526.8285,48766.5543,48880.7232
2026-07-04 05:00:00,1783141200,48881.7625,48917.7959,48554.1048,48730.2797
2026-07-04 06:00:00,1783144800,48730.3599,49165.8943,48503.4711,49095.0101
2026-07-04 07:00:00,1783148400,49101.2272,49125.0794,48439.0589,48572.0533
2026-07-04 08:00:00,1783152000,48562.2533,49056.6014,48551.3711,48791.2491
2026-07-04 09:00:00,1783155600,48788.9017,49129.9525,48649.8373,48826.2747
2026-07-04 10:00:00,1783159200,48838.0126,49419.0297,48732.2803,49190.4426
2026-07-04 11:00:00,1783162800,49206.4631,49372.6437,48848.9830,49103.2000
2026-07-04 12:00:00,1783166400,49109.1106,49527.1478,49006.9078,49251.9638
2026-07-04 13:00:00,1783170000,49241.8021,49626.1350,49040.0435,49573.8372
2026-07-04 14:00:00,1783173600,49583.4870,50036.9403,49520.2701,49860.9407
2026-07-04 15:00:00,1783177200,49858.4748,50106.2514,49721.1672,49906.9863
2026-07-04 16:00:00,1783180800,49907.4480,50439.0490,49873.8580,50260.6600
2026-07-04 17:00:00,1783184400,50255.5929,50898.8513,50255.5929,50390.0253
2026-07-04 18:00:00,1783188000,50401.5954,50504.7263,50045.8195,50240.3428
2026-07-04 19:00:00,1783191600,50243.0962,50402.6022,49890.9911,50092.1322
2026-07-04 20:00:00,1783195200,50099.5719,50416.8403,49818.6003,50021.8497
2026-07-04 21:00:00,1783198800,50005.2614,50206.5117,49686.6668,49974.4173
2026-07-04 22:00:00,1783202400,49978.8990,50316.4508,49730.4840,49765.1724
2026-07-04 23:00:00,1783206000,49771.8135,49959.1983,49333.1835,49425.1274
2026-07-05 00:00:00,1783209600,49435.6841,49555.9025,49047.9064,49549.0775
2026-07-05 01:00:00,1783213200,49541.7511,50302.6163,49525.3668,49871.8200
2026-07-05 02:00:00,1783216800,49874.3591,49915.3266,49300.8509,49815.3608
2026-07-05 03:00:00,1783220400,49807.9049,49865.3304,49464.0444,49627.9678
2026-07-05 04:00:00,1783224000,49625.4052,50038.5439,49369.5808,49928.1478
2026-07-05 05:00:00,1783227600,49939.9626,49980.5132,49206.6394,49483.0304
2026-07-05 06:00:00,1783231200,49490.6072,49629.9909,48715.0763,48851.6704
2026-07-05 07:00:00,1783234800,48846.1206,49435.6657,48792.7716,49316.2090
2026-07-05 08:00:00,1783238400,49328.9763,49639.6157,49095.3228,49507.4024
2026-07-05 09:00:00,1783242000,49502.6354,49730.9492,49279.8028,49575.1941
2026-07-05 10:00:00,1783245600,49577.4220,49976.5351,49517.5588,49755.7759
2026-07-05 11:00:00,1783249200,49745.1349,50081.9493,49629.1863,49749.5998
2026-07-05 12:00:00,1783252800,49754.3058,50231.2696,49545.6862,49584.3959
2026-07-05 13:00:00,1783256400,49592.9173,49837.9224,49330.6862,49569.1421
2026-07-05 14:00:00,1783260000,49565.7787,49759.6858,49206.5528,49587.5625
2026-07-05 15:00:00,1783263600,49586.4935,49611.7187,48852.0579,48948.1675
2026-07-05 16:00:00,1783267200,48951.5306,49219.4667,48753.4052,49172.3177
2026-07-05 17:00:00,1783270800,49175.8815,49281.8345,48549.3079,48716.3322
2026-07-05 18:00:00,1783274400,48724.7903,48818.1411,48440.3798,48600.2911
2026-07-05 19:00:00,1783278000,48599.9095,49506.0760,48561.1138,49311.0843
2026-07-05 20:00:00,1783281600,49332.4045,49337.9971,48833.0595,48898.9202
2026-07-05 21:00:00,1783285200,48895.1577,49378.3780,48823.2378,49218.8728
2026-07-05 22:00:00,1783288800,49225.6991,49254.8354,48916.2320,49106.6618
2026-07-05 23:00:00,1783292400,49116.2827,49621.8882,49116.2827,49480.1156
2026-07-06 00:00:00,1783296000,49475.6007,49878.8183,49383.4844,49715.7278
2026-07-06 01:00:00,1783299600,49720.4029,50096.2418,49668.9741,49857.7213
2026-07-06 02:00:00,1783303200,49851.4017,49851.4017,49290.3111,49383.0719
2026-07-06 03:00:00,1783306800,49363.9350,49475.6077,48978.4868,49371.9783
2026-07-06 04:00:00,1783310400,49374.2824,50310.0370,49241.8362,50013.5931
2026-07-06 05:00:00,1783314000,50005.3411,50556.1995,49826.2023,50414.5607
2026-07-06 06:00:00,1783317600,50400.1718,50501.6253,50139.7340,50189.3808
2026-07-06 07:00:00,1783321200,50182.7315,50200.9334,49609.1905,49709.8954
2026-07-06 08:00:00,1783324800,49706.4766,50075.4404,49659.2504,49983.2767
2026-07-06 09:00:00,1783328400,49986.3551,50504.4677,49953.2688,50219.3315
2026-07-06 10:00:00,1783332000,50205.8080,50353.7104,49848.1998,50170.4475
2026-07-06 11:00:00,1783335600,50174.8414,50383.4231,49915.1950,50311.8209
2026-07-06 12:00:00,1783339200,50307.8740,50584.8739,50102.0999,50391.2028
2026-07-06 13:00:00,1783342800,50394.3605,50485.5502,49803.6540,49946.5419
2026-07-06 14:00:00,1783346400,49958.5934,50069.0507,49021.5214,49305.7307
2026-07-06 15:00:00,1783350000,49303.7139,49322.6154,48664.4059,49037.5723
2026-07-06 16:00:00,1783353600,49043.5028,49374.5550,48988.2906,49091.5236
2026-07-06 17:00:00,1783357200,49081.2137,49081.2137,48370.8172,48752.4966
2026-07-06 18:00:00,1783360800,48753.2304,49274.6917,48628.2257,48979.4790
2026-07-06 19:00:00,1783364400,48993.7620,49256.7160,48819.8139,48890.3858
2026-07-06 20:00:00,1783368000,48891.1724,49032.0552,48420.2547,48640.0575
2026-07-06 21:00:00,1783371600,48639.1021,48823.0814,48221.8031,48729.7119
2026-07-06 22:00:00,1783375200,48720.3568,48867.0468,48249.4536,48812.8614
2026-07-06 23:00:00,1783378800,48819.9360,49413.3505,48763.9820,49292.7893
2026-07-07 00:00:00,1783382400,49275.5581,49993.4054,49228.7215,49915.5470
2026-07-07 01:00:00,1783386000,49910.7765,50177.1659,49783.7063,49844.8656
2026-07-07 02:00:00,1783389600,49841.8065,50105.6640,49616.5874,49725.2518
2026-07-07 03:00:00,1783393200,49732.7106,49850.1423,49426.0962,49545.5320
2026-07-07 04:00:00,1783396800,49546.6796,49807.0637,49246.3129,49724.0571
2026-07-07 05:00:00,1783400400,49703.0943,50035.4524,49535.3913,49759.3063
2026-07-07 06:00:00,1783404000,49762.6936,49847.0815,49025.4696,49138.8160
2026-07-07 07:00:00,1783407600,49138.3567,49284.9740,48938.5920,49262.1240
2026-07-07 08:00:00,1783411200,49244.3188,49520.8521,49065.7589,49414.9098
2026-07-07 09:00:00,1783414800,49407.2432,49532.7305,49123.8374,49167.5088
2026-07-07 10:00:00,1783418400,49152.7366,49297.2199,48876.8325,48971.4617
2026-07-07 11:00:00,1783422000,48960.7269,49295.7525,48618.1002,49147.0448
2026-07-07 12:00:00,1783425600,49136.5450,50178.2367,49079.8304,50091.4062
2026-07-07 13:00:00,1783429200,50076.8720,50240.0573,49890.0479,50095.9071
2026-07-07 14:00:00,1783432800,50084.2269,50533.6042,49823.7100,50382.9857
2026-07-07 15:00:00,1783436400,50380.9036,50882.4417,50279.8382,50701.1175
2026-07-07 16:00:00,1783440000,50717.0827,51297.0361,50693.2801,50971.2611
2026-07-07 17:00:00,1783443600,50977.0772,51225.3390,50692.9816,50836.3546
2026-07-07 18:00:00,1783447200,50818.7067,50876.6341,50461.4377,50632.3792
2026-07-07 19:00:00,1783450800,50638.7068,51123.8635,50351.0821,50946.3619
2026-07-07 20:00:00,1783454400,50950.2991,51443.9156,50950.2991,51349.3225
2026-07-07 21:00:00,1783458000,51328.7500,51507.3949,51041.3497,51234.0853
2026-07-07 22:00:00,1783461600,51241.7831,51455.5711,51074.8458,51124.2816
2026-07-07 23:00:00,1783465200,51119.4190,51212.1445,50731.5114,51200.2806
2026-07-08 00:00:00,1783468800,51200.0218,51601.8643,51012.3230,51168.1526
2026-07-08 01:00:00,1783472400,51171.2117,51400.4395,50805.0887,51192.7547
2026-07-08 02:00:00,1783476000,51199.3409,51522.6234,51137.7137,51328.2239
2026-07-08 03:00:00,1783479600,51348.6742,51388.8107,50574.4127,50818.0168
2026-07-08 04:00:00,1783483200,50815.5479,51057.3911,50568.0981,51005.7800
2026-07-08 05:00:00,1783486800,51010.9975,51272.3836,50713.1996,50864.0933
2026-07-08 06:00:00,1783490400,50867.6334,51389.2454,50736.4110,51383.5377
2026-07-08 07:00:00,1783494000,51374.4064,51575.7304,51150.7919,51411.5046
2026-07-08 08:00:00,1783497600,51409.5007,52586.8457,51287.5043,52393.8567
2026-07-08 09:00:00,1783501200,52412.5309,52452.4269,51838.3520,51905.9978
2026-07-08 10:00:00,1783504800,51904.3402,52330.9194,51733.2309,52304.9535
2026-07-08 11:00:00,1783508400,52293.2663,52878.2600,52178.8264,52260.7917
2026-07-08 12:00:00,1783512000,52254.8443,52545.7901,51666.6751,52013.4721
2026-07-08 13:00:00,1783515600,52022.7074,52595.3876,51983.0415,52242.6009
2026-07-08 14:00:00,1783519200,52232.7246,52798.5892,52081.6369,52746.9780
2026-07-08 15:00:00,1783522800,52750.7170,52772.5222,52174.8678,52486.1943
2026-07-08 16:00:00,1783526400,52481.6867,52701.1505,51902.1431,52592.8327
2026-07-08 17:00:00,1783530000,52602.1432,53048.8305,52455.4333,52972.1761
2026-07-08 18:00:00,1783533600,52976.6987,53271.1255,52807.0897,52926.5431
2026-07-08 19:00:00,1783537200,52925.6680,53581.1299,52805.8512,53474.6587
2026-07-08 20:00:00,1783540800,53456.2100,53835.1842,53363.5357,53463.6955
2026-07-08 21:00:00,1783544400,53465.8057,53658.0945,52939.3720,53228.0460
2026-07-08 22:00:00,1783548000,53260.9419,53265.2340,52273.8796,52346.5743
2026-07-08 23:00:00,1783551600,52342.8662,52955.3709,52077.4079,52934.3026
2026-07-09 00:00:00,1783555200,52929.3759,53257.8136,52416.7154,53215.3626
2026-07-09 01:00:00,1783558800,53214.3507,53702.1042,52952.3748,53687.3507
2026-07-09 02:00:00,1783562400,53681.5581,53695.6617,52832.0853,52873.6667
2026-07-09 03:00:00,1783566000,52876.8898,53730.7089,52744.2461,53451.9916
2026-07-09 04:00:00,1783569600,53453.6102,53563.5152,53091.4272,53255.4880
2026-07-09 05:00:00,1783573200,53268.2562,53398.7281,52588.0365,52664.5927
2026-07-09 06:00:00,1783576800,52665.8369,52926.6077,52380.2148,52817.1982
2026-07-09 07:00:00,1783580400,52821.4274,53053.2844,52467.5272,52534.9924
2026-07-09 08:00:00,1783584000,52548.1605,53066.3817,52492.8351,52726.6548
2026-07-09 09:00:00,1783587600,52734.5932,52749.2803,51834.8527,51969.7480
2026-07-09 10:00:00,1783591200,51977.4794,52109.6165,51717.0943,51958.3683
2026-07-09 11:00:00,1783594800,51945.3446,52114.0291,51544.9834,51977.0716
2026-07-09 12:00:00,1783598400,51967.3379,53024.2909,51944.4048,52644.4546
2026-07-09 13:00:00,1783602000,52651.3806,53591.9255,52608.5082,53480.9668
2026-07-09 14:00:00,1783605600,53476.5152,53962.1875,53292.2401,53393.4138
2026-07-09 15:00:00,1783609200,53394.6365,53744.0924,53081.8236,53145.2305
2026-07-09 16:00:00,1783612800,53145.4748,53218.3657,52269.1083,52567.5830
2026-07-09 17:00:00,1783616400,52580.7307,53040.5392,52512.5030,52758.3270
2026-07-09 18:00:00,1783620000,52750.0331,53294.7218,52646.1419,53148.5038
2026-07-09 19:00:00,1783623600,53138.8822,53518.6631,52934.1033,53369.8423
2026-07-09 20:00:00,1783627200,53362.9313,54166.1500,53358.5580,53795.8247
2026-07-09 21:00:00,1783630800,53796.8607,53886.9916,53434.4447,53567.0555
2026-07-09 22:00:00,1783634400,53572.3800,54105.3612,53321.9817,53702.6282
2026-07-09 23:00:00,1783638000,53701.8368,53717.6718,53093.9442,53131.6983
2026-07-10 00:00:00,1783641600,53124.9094,53250.6245,52824.0382,53022.9755
2026-07-10 01:00:00,1783645200,53040.1213,53788.4165,52781.4366,53766.7716
2026-07-10 02:00:00,1783648800,53779.3091,53927.2976,53119.5905,53181.9067
2026-07-10 03:00:00,1783652400,53186.0766,53424.7685,52939.4202,53355.2571
2026-07-10 04:00:00,1783656000,53350.6520,53856.4275,53277.0330,53456.8537
2026-07-10 05:00:00,1783659600,53449.8936,53856.5900,53282.3593,53814.6798
2026-07-10 06:00:00,1783663200,53810.5389,53814.5174,53145.0802,53321.8324
2026-07-10 07:00:00,1783666800,53305.0323,53355.8984,52900.3067,53147.3807
2026-07-10 08:00:00,1783670400,53155.8407,53766.1156,53100.6778,53688.3066
2026-07-10 09:00:00,1783674000,53699.2270,54069.6504,53643.1707,53850.9342
2026-07-10 10:00:00,1783677600,53851.8422,54444.2832,53816.9203,54387.5031
2026-07-10 11:00:00,1783681200,54404.6114,54769.0192,54248.6456,54602.2709
2026-07-10 12:00:00,1783684800,54593.6189,54742.8957,53970.7411,54086.0423
2026-07-10 13:00:00,1783688400,54100.0121,54499.7076,54093.7177,54274.0353
2026-07-10 14:00:00,1783692000,54260.3461,54462.5095,53347.3057,53539.7388
2026-07-10 15:00:00,1783695600,53547.2759,54075.2618,53329.4216,53925.7177
2026-07-10 16:00:00,1783699200,53918.9389,54780.7413,53831.4866,54739.2101
2026-07-10 17:00:00,1783702800,54745.9046,55498.4367,54719.1920,55430.1136
2026-07-10 18:00:00,1783706400,55420.2513,55770.7459,55171.9700,55427.5785
2026-07-10 19:00:00,1783710000,55446.8909,56046.3484,55360.0687,55939.9289
2026-07-10 20:00:00,1783713600,55948.2087,56412.2590,55826.4204,56412.2590
2026-07-10 21:00:00,1783717200,56397.8172,56411.2742,55773.8710,55933.9507
2026-07-10 22:00:00,1783720800,55923.2903,55927.3022,54955.5739,55309.4384
2026-07-10 23:00:00,1783724400,55329.9667,55786.2604,55166.5889,55421.7185
2026-07-11 00:00:00,1783728000,55427.5139,55617.6153,54819.8838,54892.0905
2026-07-11 01:00:00,1783731600,54900.1204,55152.8674,54711.4906,54838.4128
2026-07-11 02:00:00,1783735200,54849.1772,54947.0780,54483.6167,54883.3444
2026-07-11 03:00:00,1783738800,54883.2617,55177.5853,54625.4876,54841.7324
2026-07-11 04:00:00,1783742400,54827.9422,55178.1616,54746.3496,54783.0581
2026-07-11 05:00:00,1783746000,54774.7134,55205.1614,54532.0150,55142.9694
2026-07-11 06:00:00,1783749600,55138.6165,55429.9761,54904.8557,55308.4565
2026-07-11 07:00:00,1783753200,55305.1940,56038.8183,55249.2983,55797.0328
2026-07-11 08:00:00,1783756800,55791.6591,56033.7853,55552.9400,55618.1589
2026-07-11 09:00:00,1783760400,55622.6923,56541.0883,55441.2523,56176.1320
2026-07-11 10:00:00,1783764000,56168.4726,56262.9790,55576.7380,55733.1587
2026-07-11 11:00:00,1783767600,55713.0264,56131.3553,55548.5959,55713.3500
2026-07-11 12:00:00,1783771200,55721.7993,55764.8582,54731.0128,54731.0128
2026-07-11 13:00:00,1783774800,54722.7428,55173.1713,54589.0500,54589.0500
2026-07-11 14:00:00,1783778400,54587.7872,55372.7999,54554.5993,55337.9087
2026-07-11 15:00:00,1783782000,55320.9439,55338.9646,54868.7061,55163.7403
2026-07-11 16:00:00,1783785600,55180.1189,55414.6138,53990.7546,54029.6615
2026-07-11 17:00:00,1783789200,54023.3951,54285.0284,53746.0831,53943.9886
2026-07-11 18:00:00,1783792800,53938.3163,54275.1015,53416.3751,53447.8794
2026-07-11 19:00:00,1783796400,53462.5892,53497.6828,52969.8872,53069.8274
2026-07-11 20:00:00,1783800000,53082.6038,53221.7503,52599.2430,52835.6269
2026-07-11 21:00:00,1783803600,52835.0149,53149.4944,52659.7665,52828.1861
2026-07-11 22:00:00,1783807200,52820.6685,53103.3059,52696.2370,52995.6160
2026-07-11 23:00:00,1783810800,52997.2528,53767.2285,52895.8494,53243.5508
2026-07-12 00:00:00,1783814400,53250.8368,53354.4970,52728.1981,53010.7278
2026-07-12 01:00:00,1783818000,53013.8697,53137.1268,52541.3871,52601.2632
2026-07-12 02:00:00,1783821600,52598.8917,53264.4290,52561.9267,52859.3479
2026-07-12 03:00:00,1783825200,52860.7487,53227.9383,52809.6100,53103.7703
2026-07-12 04:00:00,1783828800,53119.0965,53506.3961,52687.1481,52822.3517
2026-07-12 05:00:00,1783832400,52798.7772,53174.8020,52613.7179,53043.7051
2026-07-12 06:00:00,1783836000,53045.6637,54206.1924,53022.9052,53642.2816
2026-07-12 07:00:00,1783839600,53651.6151,53963.3235,53376.7443,53834.3515
2026-07-12 08:00:00,1783843200,53836.7883,53872.6425,53238.5390,53455.2696
2026-07-12 09:00:00,1783846800,53435.0158,54309.2115,53394.1007,54276.2394
2026-07-12 10:00:00,1783850400,54286.4794,54600.5438,53769.3371,53811.0636
2026-07-12 11:00:00,1783854000,53807.7991,54546.7550,53673.7142,54301.0897
2026-07-12 12:00:00,1783857600,54290.9418,54988.8258,54173.6546,54952.9432
2026-07-12 13:00:00,1783861200,54941.4595,55660.2807,54802.5843,55278.2881
2026-07-12 14:00:00,1783864800,55274.4575,55377.8705,54618.1499,54755.7472
2026-07-12 15:00:00,1783868400,54758.6757,54804.4629,54002.6606,54145.9061
2026-07-12 16:00:00,1783872000,54125.4248,54641.5234,54105.0997,54621.1048
2026-07-12 17:00:00,1783875600,54637.0292,54709.8832,54119.1876,54494.3325
2026-07-12 18:00:00,1783879200,54505.8526,54764.3719,54337.2266,54510.8432
2026-07-12 19:00:00,1783882800,54517.7269,55213.7580,54418.4462,54537.7914
2026-07-12 20:00:00,1783886400,54538.2646,54629.1544,54050.4479,54318.7859
2026-07-12 21:00:00,1783890000,54319.6915,54325.3104,53913.9494,53950.0927
2026-07-12 22:00:00,1783893600,53951.8510,54052.2550,53141.3197,53366.9431
2026-07-12 23:00:00,1783897200,53373.8357,53638.0726,53214.9080,53398.6593
2026-07-13 00:00:00,1783900800,53415.6430,53960.0601,53202.7592,53880.2727
2026-07-13 01:00:00,1783904400,53885.7673,53956.0460,53343.0637,53453.7761
2026-07-13 02:00:00,1783908000,53439.4680,53579.7707,53044.6621,53513.5755
2026-07-13 03:00:00,1783911600,53511.1095,54019.8134,53446.1256,53736.4427
2026-07-13 04:00:00,1783915200,53736.4861,54237.0027,53624.1278,54200.1834
2026-07-13 05:00:00,1783918800,54188.4027,54441.2172,53465.8066,53650.1099
2026-07-13 06:00:00,1783922400,53640.9454,53652.4647,53229.6183,53348.2904
2026-07-13 07:00:00,1783926000,53352.7798,53426.4085,52363.6861,52620.4853
2026-07-13 08:00:00,1783929600,52617.3910,52711.0742,52242.5729,52589.9381
2026-07-13 09:00:00,1783933200,52571.1727,52747.4239,52353.2549,52531.3649
2026-07-13 10:00:00,1783936800,52528.5065,52992.2129,52294.0229,52972.0528
2026-07-13 11:00:00,1783940400,52964.8067,53127.1498,52516.5776,52802.2217
2026-07-13 12:00:00,1783944000,52798.9207,53268.8367,52645.6396,52696.4382
2026-07-13 13:00:00,1783947600,52701.5651,52777.2701,52182.6685,52636.5575
2026-07-13 14:00:00,1783951200,52629.9805,52783.1869,51970.0778,52005.1448
2026-07-13 15:00:00,1783954800,52018.4012,52179.8735,51711.4859,51987.4226
2026-07-13 16:00:00,1783958400,51981.7080,52574.5397,51890.1272,52245.4920
2026-07-13 17:00:00,1783962000,52255.6423,52426.1062,51935.7068,52306.9052
2026-07-13 18:00:00,1783965600,52314.8230,52870.5497,52269.7960,52571.6324
2026-07-13 19:00:00,1783969200,52591.0536,53445.7722,52539.2312,53428.6968
2026-07-13 20:00:00,1783972800,53442.4265,53784.0197,53077.7070,53441.5247
2026-07-13 21:00:00,1783976400,53455.2117,53989.6019,53352.0990,53914.7472
2026-07-13 22:00:00,1783980000,53910.0091,54155.0790,53358.3047,53530.8339
2026-07-13 23:00:00,1783983600,53541.6884,53643.1606,52956.5621,53091.6506
2026-07-14 00:00:00,1783987200,53107.0033,53490.5324,52989.0920,53402.9769
2026-07-14 01:00:00,1783990800,53419.1269,53800.8336,53357.8644,53481.3764
2026-07-14 02:00:00,1783994400,53492.4528,53936.9398,53092.8925,53092.8925
2026-07-14 03:00:00,1783998000,53072.8859,53520.9103,52812.0341,53007.2733
2026-07-14 04:00:00,1784001600,52991.0971,53225.4974,52670.5841,52878.4442
2026-07-14 05:00:00,1784005200,52876.2816,52900.4073,50780.6151,50829.8957
2026-07-14 06:00:00,1784008800,50828.3968,50839.3729,50520.3586,50720.9881
2026-07-14 07:00:00,1784012400,50705.0204,50746.0691,50075.8194,50431.9597
2026-07-14 08:00:00,1784016000,50455.9091,51086.3641,50358.0876,51049.4199
2026-07-14 09:00:00,1784019600,51054.4584,51222.1528,50575.3245,50867.8256
2026-07-14 10:00:00,1784023200,50851.5844,51772.3257,50833.1605,51755.2972
2026-07-14 11:00:00,1784026800,51752.2741,52418.1669,51726.4378,51902.7021
2026-07-14 12:00:00,1784030400,51890.6262,52261.6688,51437.4209,52261.6688
2026-07-14 13:00:00,1784034000,52259.4320,52266.3121,51804.5945,51811.0313
2026-07-14 14:00:00,1784037600,51805.9559,51835.6638,51183.3444,51239.6026
2026-07-14 15:00:00,1784041200,51239.2882,51335.3636,50681.0533,51036.4159
2026-07-14 16:00:00,1784044800,51043.1188,51216.8785,50665.4127,50879.1245
2026-07-14 17:00:00,1784048400,50889.4387,51553.3073,50686.5989,51549.9724
2026-07-14 18:00:00,1784052000,51557.6377,51864.9670,51364.5192,51528.2896
2026-07-14 19:00:00,1784055600,51518.5528,52213.0864,51288.2811,52198.8963
2026-07-14 20:00:00,1784059200,52201.0557,52414.1341,51903.5352,52414.1341
2026-07-14 21:00:00,1784062800,52409.9990,52618.0236,52080.7577,52209.5095
2026-07-14 22:00:00,1784066400,52216.3156,52518.7489,52023.9684,52031.3415
2026-07-14 23:00:00,1784070000,52027.5317,52644.4010,51840.6031,52476.8280
2026-07-15 00:00:00,1784073600,52478.2939,52512.6694,51416.7013,51701.9076
2026-07-15 01:00:00,1784077200,51722.0008,52192.5184,51408.0802,52108.4975
2026-07-15 02:00:00,1784080800,52111.4102,52526.5121,52039.0965,52404.7265
2026-07-15 03:00:00,1784084400,52396.9749,53297.6952,52242.4136,53029.4281
2026-07-15 04:00:00,1784088000,53040.2838,53195.1071,51818.1786,51840.0802
2026-07-15 05:00:00,1784091600,51832.3788,52186.6702,51675.0582,51884.2187
2026-07-15 06:00:00,1784095200,51894.7464,52225.2746,51569.9324,51726.1543
2026-07-15 07:00:00,1784098800,51720.8349,52024.9055,51581.7383,51960.8920
2026-07-15 08:00:00,1784102400,51962.9495,52429.5367,51894.6063,52153.5389
2026-07-15 09:00:00,1784106000,52149.8575,52515.5716,51894.6398,52475.1486
2026-07-15 10:00:00,1784109600,52482.4045,52938.7688,52090.4545,52910.0870
2026-07-15 11:00:00,1784113200,52910.8431,53816.7628,52910.8431,53485.5186
2026-07-15 12:00:00,1784116800,53504.8407,53883.2140,53147.8014,53665.3279
2026-07-15 13:00:00,1784120400,53661.5922,53737.6656,53171.0641,53329.2235
2026-07-15 14:00:00,1784124000,53330.3853,53581.6687,52627.1311,52707.0182
2026-07-15 15:00:00,1784127600,52703.9281,52725.7887,52109.8773,52171.1510
2026-07-15 16:00:00,1784131200,52182.2795,53149.1393,52157.8912,52733.2684
2026-07-15 17:00:00,1784134800,52729.7656,52875.8362,52215.4616,52745.7396
2026-07-15 18:00:00,1784138400,52758.4991,52861.7488,52330.1169,52595.6462
2026-07-15 19:00:00,1784142000,52613.8033,53213.6282,52590.0051,53004.3827
2026-07-15 20:00:00,1784145600,52998.5191,53191.3013,52503.7082,52536.2516
2026-07-15 21:00:00,1784149200,52525.0405,53340.8143,52478.6890,53334.3873
2026-07-15 22:00:00,1784152800,53339.6270,53816.1761,53144.8313,53608.2914
2026-07-15 23:00:00,1784156400,53604.9503,53941.4967,53383.9556,53570.8800
2026-07-16 00:00:00,1784160000,53576.6023,54048.9215,53360.4445,54005.1097
2026-07-16 01:00:00,1784163600,53990.7290,54426.7436,53931.9433,54220.1390
2026-07-16 02:00:00,1784167200,54217.5775,54366.7917,53907.5507,54156.9478
2026-07-16 03:00:00,1784170800,54156.3043,54505.1706,53831.5050,53917.8620
2026-07-16 04:00:00,1784174400,53923.8545,54030.1457,53220.2576,53557.2198
2026-07-16 05:00:00,1784178000,53571.7752,53797.1639,53154.8583,53441.2294
2026-07-16 06:00:00,1784181600,53457.1645,54016.2483,53297.2624,53840.1444
2026-07-16 07:00:00,1784185200,53822.8163,54536.2618,53767.3699,54405.2763
2026-07-16 08:00:00,1784188800,54420.7826,55022.7817,54420.7826,54995.3985
2026-07-16 09:00:00,1784192400,54991.9701,55258.6847,54649.1259,54698.3690
2026-07-16 10:00:00,1784196000,54700.5489,55599.0385,54700.5489,55139.5900
2026-07-16 11:00:00,1784199600,55154.6306,55441.4134,54941.2212,55394.0830
2026-07-16 12:00:00,1784203200,55398.5161,55810.3581,55031.8375,55284.8520
2026-07-16 13:00:00,1784206800,55291.4002,56076.0029,55045.3169,56022.5819
2026-07-16 14:00:00,1784210400,56036.6475,56452.4294,55846.3925,56079.4958
2026-07-16 15:00:00,1784214000,56081.1034,56097.4563,55077.3208,55108.7157
2026-07-16 16:00:00,1784217600,55104.6877,55661.1314,55092.2258,55506.8402
2026-07-16 17:00:00,1784221200,55518.0782,55708.9933,55131.2370,55171.0389
2026-07-16 18:00:00,1784224800,55183.3686,55333.0181,54904.4004,55302.5376
2026-07-16 19:00:00,1784228400,55296.7481,55539.1359,55068.6014,55161.6058
2026-07-16 20:00:00,1784232000,55159.2231,55471.1082,54954.1200,55255.3240
2026-07-16 21:00:00,1784235600,55264.7608,55764.4872,55193.2404,55764.4872
2026-07-16 22:00:00,1784239200,55760.4653,56092.1340,55340.3775,55447.3271
2026-07-16 23:00:00,1784242800,55462.4028,55532.7277,55103.0671,55375.5404
2026-07-17 00:00:00,1784246400,55369.4140,55496.7109,54851.3798,55013.5943
2026-07-17 01:00:00,1784250000,55009.6374,55851.8823,54862.3786,55829.8725
2026-07-17 02:00:00,1784253600,55832.0554,56164.9001,55445.3027,55564.9413
2026-07-17 03:00:00,1784257200,55577.3170,56044.5409,55510.7478,55561.5978
2026-07-17 04:00:00,1784260800,55559.7515,56274.7529,55420.3324,56094.7502
2026-07-17 05:00:00,1784264400,56090.8269,56104.3347,55547.1953,55923.0999
2026-07-17 06:00:00,1784268000,55927.0976,56057.9078,55380.0949,55424.2819
2026-07-17 07:00:00,1784271600,55422.4259,55740.7245,55305.1605,55354.6064
2026-07-17 08:00:00,1784275200,55348.1692,55499.2564,54601.7665,54663.8251
2026-07-17 09:00:00,1784278800,54672.2162,54893.8000,54199.5471,54776.8229
2026-07-17 10:00:00,1784282400,54776.4651,54990.0649,54591.9917,54645.7977
2026-07-17 11:00:00,1784286000,54634.7939,54864.2102,54367.6127,54545.0718
2026-07-17 12:00:00,1784289600,54554.7256,54892.8454,54191.6432,54856.6936
2026-07-17 13:00:00,1784293200,54864.5552,54889.0736,54552.8376,54596.6742
2026-07-17 14:00:00,1784296800,54587.6483,55260.7967,54486.0173,55260.7967
2026-07-17 15:00:00,1784300400,55275.3476,55650.2709,55268.3279,55437.1902
2026-07-17 16:00:00,1784304000,55456.9085,55765.3705,55322.2789,55638.5431
2026-07-17 17:00:00,1784307600,55639.7638,56108.1275,55313.2656,56018.3844
2026-07-17 18:00:00,1784311200,56014.1718,56731.4278,55746.6168,56692.1120
2026-07-17 19:00:00,1784314800,56681.4874,56909.3826,56321.8098,56812.5067
2026-07-17 20:00:00,1784318400,56802.8035,56917.7915,56443.1284,56760.6697
2026-07-17 21:00:00,1784322000,56750.9013,57210.6372,56648.3050,56989.6788
2026-07-17 22:00:00,1784325600,57002.1728,57062.5281,56343.0250,56857.6569
2026-07-17 23:00:00,1784329200,56867.0048,57478.5932,56840.4729,57435.9112
2026-07-18 00:00:00,1784332800,57420.1335,57938.4562,57304.3599,57647.5207
2026-07-18 01:00:00,1784336400,57649.4736,57753.5568,57125.1588,57462.2222
2026-07-18 02:00:00,1784340000,57461.0234,57470.3771,56986.0955,57243.2800
2026-07-18 03:00:00,1784343600,57257.4093,57577.5829,56757.8969,57538.3792
2026-07-18 04:00:00,1784347200,57524.6022,57636.0894,57081.5938,57374.4953
2026-07-18 05:00:00,1784350800,57362.7840,57376.7615,56734.9569,56940.2052
2026-07-18 06:00:00,1784354400,56951.9390,57078.1489,56498.3180,56929.8187
2026-07-18 07:00:00,1784358000,56931.5084,56955.7837,56122.3271,56198.5326
2026-07-18 08:00:00,1784361600,56202.1001,56284.3530,55803.5659,55819.2903
2026-07-18 09:00:00,1784365200,55818.5545,56532.7780,55637.6529,56481.1476
2026-07-18 10:00:00,1784368800,56469.7204,56715.8465,56240.9518,56400.1030
2026-07-18 11:00:00,1784372400,56396.6213,56551.2686,56143.9082,56516.2384
2026-07-18 12:00:00,1784376000,56521.3104,56552.5281,56081.4280,56336.9511
2026-07-18 13:00:00,1784379600,56333.5167,56696.0714,55995.2792,56196.8670
2026-07-18 14:00:00,1784383200,56190.5102,56518.4705,56084.3797,56302.9627
2026-07-18 15:00:00,1784386800,56293.4749,56597.1401,56020.3433,56348.0043
2026-07-18 16:00:00,1784390400,56337.3677,56591.1422,55503.8421,55574.1320
2026-07-18 17:00:00,1784394000,55584.8983,56162.6729,55584.8983,55915.8142
2026-07-18 18:00:00,1784397600,55907.5573,55978.7156,54762.7562,54899.7797
2026-07-18 19:00:00,1784401200,54916.6181,55330.1182,54606.0283,55193.6510
2026-07-18 20:00:00,1784404800,55197.9399,55221.0224,54389.8871,54545.5608
2026-07-18 21:00:00,1784408400,54546.3866,54567.1823,53522.0369,53819.0879
2026-07-18 22:00:00,1784412000,53811.5984,53945.3343,53287.1476,53541.3980
2026-07-18 23:00:00,1784415600,53540.4557,53736.6631,53008.8939,53008.8939
2026-07-19 00:00:00,1784419200,52992.1134,53240.0519,52682.8430,53145.3234
2026-07-19 01:00:00,1784422800,53148.1502,53230.4370,52271.8203,52274.3955
2026-07-19 02:00:00,1784426400,52269.3744,52280.9788,51682.8948,52212.6726
2026-07-19 03:00:00,1784430000,52204.9088,52611.6476,51932.3471,52598.7512
2026-07-19 04:00:00,1784433600,52595.4022,52664.8407,52069.2041,52644.9639
2026-07-19 05:00:00,1784437200,52638.6583,52969.1296,52235.4512,52360.9017
2026-07-19 06:00:00,1784440800,52359.5217,52565.3035,52167.7097,52170.9684
2026-07-19 07:00:00,1784444400,52189.7478,52696.4160,52141.7789,52605.0887
2026-07-19 08:00:00,1784448000,52593.3031,53049.9088,52271.3861,52996.2070
2026-07-19 09:00:00,1784451600,52997.2222,53703.5909,52993.1006,53555.6050
2026-07-19 10:00:00,1784455200,53549.1185,53710.6537,53202.9283,53453.2426
2026-07-19 11:00:00,1784458800,53463.0421,53693.7270,53218.3801,53676.4211
2026-07-19 12:00:00,1784462400,53677.6918,53787.8543,53350.4531,53559.5491
2026-07-19 13:00:00,1784466000,53545.0694,54159.6801,53545.0694,54065.8554
2026-07-19 14:00:00,1784469600,54080.8047,54642.5559,53856.4746,54274.5490
2026-07-19 15:00:00,1784473200,54267.4431,54493.4141,53792.8870,53805.4010
2026-07-19 16:00:00,1784476800,53811.2873,54127.6717,53646.4695,54086.6341
2026-07-19 17:00:00,1784480400,54085.8384,54612.4622,54062.3453,54128.0068
2026-07-19 18:00:00,1784484000,54134.3300,54954.6692,54000.8878,54920.4715
2026-07-19 19:00:00,1784487600,54905.3686,55089.9658,54199.8952,54441.9617
2026-07-19 20:00:00,1784491200,54449.7274,54473.0297,53643.6350,53794.2045
2026-07-19 21:00:00,1784494800,53797.9159,55150.0407,53776.2102,54994.3889
2026-07-19 22:00:00,1784498400,55010.9743,55050.4706,54183.9629,54282.5487
2026-07-19 23:00:00,1784502000,54275.2366,54996.9332,54224.2061,54908.1894
2026-07-20 00:00:00,1784505600,54907.7865,55109.5618,54060.1601,54177.6639
2026-07-20 01:00:00,1784509200,54173.1075,54329.3462,53873.3014,54006.6668
2026-07-20 02:00:00,1784512800,53990.0866,54171.2113,53396.5151,53457.6589
2026-07-20 03:00:00,1784516400,53464.9269,53631.6441,53251.7237,53547.2558
2026-07-20 04:00:00,1784520000,53561.5922,53576.8120,52143.3437,52325.1217
2026-07-20 05:00:00,1784523600,52344.4368,52665.0046,52244.6484,52562.1622
2026-07-20 06:00:00,1784527200,52569.6530,53262.9984,52518.1213,52667.5659
2026-07-20 07:00:00,1784530800,52680.3394,53235.6809,52632.7724,53117.2809
2026-07-20 08:00:00,1784534400,53090.9409,53279.3396,52686.0521,52873.4419
2026-07-20 09:00:00,1784538000,52865.3667,52896.2236,52356.2729,52488.0487
2026-07-20 10:00:00,1784541600,52485.2921,52824.3743,52276.6645,52279.2174
2026-07-20 11:00:00,1784545200,52287.6405,52305.3036,51789.9678,51804.1930
2026-07-20 12:00:00,1784548800,51795.6665,51972.3185,51450.5708,51811.3927
2026-07-20 13:00:00,1784552400,51790.0355,51861.5804,51067.9957,51067.9957
2026-07-20 14:00:00,1784556000,51063.3712,51280.5713,50628.2901,50732.2061
2026-07-20 15:00:00,1784559600,50736.1922,51061.4159,50215.4491,50904.0890
2026-07-20 16:00:00,1784563200,50881.7469,51454.7254,50854.9873,51029.6744
2026-07-20 17:00:00,1784566800,51050.3648,51551.7078,50713.6589,50736.7259
2026-07-20 18:00:00,1784570400,50716.5242,51499.2526,50437.4843,51431.0030
2026-07-20 19:00:00,1784574000,51440.4920,51695.7707,50576.7508,50576.7508
2026-07-20 20:00:00,1784577600,50571.8870,51102.5133,50463.5970,51017.5684
2026-07-20 21:00:00,1784581200,51022.0704,51655.3111,50914.3308,51553.6816
2026-07-20 22:00:00,1784584800,51555.0644,52020.7660,51400.5371,51585.8074
2026-07-20 23:00:00,1784588400,51567.4982,51707.8222,51283.5184,51549.5619
2026-07-21 00:00:00,1784592000,51537.2807,51671.8071,51250.0227,51413.3329
2026-07-21 01:00:00,1784595600,51414.5855,51891.1848,51126.8350,51143.9353
2026-07-21 02:00:00,1784599200,51139.8508,51184.3219,50474.0519,50631.3870
2026-07-21 03:00:00,1784602800,50613.0533,51301.3034,50523.8158,51182.1327
2026-07-21 04:00:00,1784606400,51199.1324,51609.7005,51065.7560,51311.4280
2026-07-21 05:00:00,1784610000,51302.2501,51784.4082,51270.5116,51428.3533
2026-07-21 06:00:00,1784613600,51425.1004,51593.5906,51117.4173,51196.3740
2026-07-21 07:00:00,1784617200,51194.1380,52243.3470,51170.3295,52015.1752
2026-07-21 08:00:00,1784620800,52016.0425,52189.5077,51587.1117,52093.5227
2026-07-21 09:00:00,1784624400,52095.3171,52259.7477,51480.3838,51497.8471
2026-07-21 10:00:00,1784628000,51504.3226,51606.7991,51174.7476,51525.4439
2026-07-21 11:00:00,1784631600,51529.0256,51769.8648,51134.0841,51720.4657
2026-07-21 12:00:00,1784635200,51727.3139,51793.6094,50657.6706,50668.1823
2026-07-21 13:00:00,1784638800,50663.8615,51447.9469,50512.4692,51377.0660
2026-07-21 14:00:00,1784642400,51385.2193,51385.2193,50958.4591,51265.1242
2026-07-21 15:00:00,1784646000,51251.8501,51290.0317,50872.2691,51057.6020
2026-07-21 16:00:00,1784649600,51044.7736,51151.4908,50493.6836,50756.3537
2026-07-21 17:00:00,1784653200,50758.8724,51104.1994,50526.4950,51100.7097
2026-07-21 18:00:00,1784656800,51106.5700,51485.0602,50930.3123,51260.1820
2026-07-21 19:00:00,1784660400,51250.6312,52000.5820,51197.3130,51742.2206
2026-07-21 20:00:00,1784664000,51728.7836,51826.5335,51488.4462,51521.2110
2026-07-21 21:00:00,1784667600,51514.8685,51514.8685,51002.5560,51140.3586
2026-07-21 22:00:00,1784671200,51137.9693,51547.0559,51072.2848,51170.3888
2026-07-21 23:00:00,1784674800,51174.0761,51233.4548,50719.0510,50944.5790
2026-07-22 00:00:00,1784678400,50947.5507,50984.4350,50645.5505,50645.5505
2026-07-22 01:00:00,1784682000,50634.1222,50841.9095,50435.3781,50817.8768
2026-07-22 02:00:00,1784685600,50822.2132,50942.7119,50402.7321,50425.3645
2026-07-22 03:00:00,1784689200,50424.2663,50690.7509,50353.7281,50509.2423
2026-07-22 04:00:00,1784692800,50503.6149,50659.4554,50237.8224,50318.2777
2026-07-22 05:00:00,1784696400,50325.9339,50963.9956,50271.1240,50752.4650
2026-07-22 06:00:00,1784700000,50755.5881,50992.1128,50492.9973,50837.1423
2026-07-22 07:00:00,1784703600,50837.4534,51173.1942,50600.5140,50725.2793
2026-07-22 08:00:00,1784707200,50714.3830,50791.0468,49814.5572,49868.5047
2026-07-22 09:00:00,1784710800,49862.8166,49931.5339,49460.5085,49916.9137
2026-07-22 10:00:00,1784714400,49921.2950,50424.1570,49603.1968,50335.2550
2026-07-22 11:00:00,1784718000,50328.1024,50469.4245,49834.1832,49890.6904
2026-07-22 12:00:00,1784721600,49895.8649,49974.9409,49542.0069,49542.0069
2026-07-22 13:00:00,1784725200,49553.0120,50147.9762,49503.1776,50125.1944
2026-07-22 14:00:00,1784728800,50127.0358,50872.4767,50012.9259,50526.6554
2026-07-22 15:00:00,1784732400,50533.6389,51154.9533,50259.2460,50917.0957
2026-07-22 16:00:00,1784736000,50926.9577,51270.0601,50716.3198,51038.9858
2026-07-22 17:00:00,1784739600,51028.6445,51164.7630,50773.2164,50918.4573
2026-07-22 18:00:00,1784743200,50913.7321,51128.3828,50611.2400,50803.9236
2026-07-22 19:00:00,1784746800,50797.7948,51006.4839,50532.5463,50573.5251
2026-07-22 20:00:00,1784750400,50569.4392,50641.0984,50183.5959,50641.0984
2026-07-22 21:00:00,1784754000,50658.2763,51065.2816,50569.5068,50908.1679
2026-07-22 22:00:00,1784757600,50905.3770,51322.3779,50615.1860,51315.0324
2026-07-22 23:00:00,1784761200,51314.0532,51353.9275,50698.9557,50998.6657
2026-07-23 00:00:00,1784764800,51010.6842,51124.3543,50803.3406,50901.4366
2026-07-23 01:00:00,1784768400,50915.2492,50915.5686,50397.7873,50528.4542
2026-07-23 02:00:00,1784772000,50517.9405,50854.5176,50363.5252,50808.0897
2026-07-23 03:00:00,1784775600,50804.6129,50909.5096,50089.6158,50171.8549
2026-07-23 04:00:00,1784779200,50165.6120,50354.6893,49858.5289,49918.1080
2026-07-23 05:00:00,1784782800,49905.5209,49931.5223,49376.4153,49704.4715
2026-07-23 06:00:00,1784786400,49696.5766,49778.5573,49035.4513,49047.3552
2026-07-23 07:00:00,1784790000,49049.8883,49368.5509,48785.3495,49351.2750
2026-07-23 08:00:00,1784793600,49347.9873,49736.4622,49234.6795,49268.3439
2026-07-23 09:00:00,1784797200,49265.4791,49388.1671,48965.8116,49059.3293
2026-07-23 10:00:00,1784800800,49057.7437,49415.7419,48801.1685,49039.7794
2026-07-23 11:00:00,1784804400,49030.2826,49098.3595,48529.1990,48626.7847
2026-07-23 12:00:00,1784808000,48616.7664,49208.0742,48575.5433,48920.5920
2026-07-23 13:00:00,1784811600,48911.9975,48974.6627,48420.2847,48472.0121
2026-07-23 14:00:00,1784815200,48473.1199,48478.2300,47652.0736,47879.7229
2026-07-23 15:00:00,1784818800,47869.9104,48093.3041,47613.2294,47699.5925
2026-07-23 16:00:00,1784822400,47708.8550,47814.4921,47467.1917,47517.5973
2026-07-23 17:00:00,1784826000,47526.8958,47571.8939,46733.9662,47194.7718
2026-07-23 18:00:00,1784829600,47200.0188,47666.7517,47072.0933,47434.6763
2026-07-23 19:00:00,1784833200,47439.9941,47767.4708,47320.6111,47734.2002
2026-07-23 20:00:00,1784836800,47739.3500,48080.5158,47619.0662,47963.4766
2026-07-23 21:00:00,1784840400,47957.7038,47977.8844,47428.1062,47528.6134
2026-07-23 22:00:00,1784844000,47524.5018,47537.7393,46920.9909,46981.3763
2026-07-23 23:00:00,1784847600,46986.5262,47373.4063,46590.5343,46602.9232
2026-07-24 00:00:00,1784851200,46601.0023,46776.8906,46452.3473,46461.0292
2026-07-24 01:00:00,1784854800,46464.8407,46646.3882,46245.4356,46469.8582
2026-07-24 02:00:00,1784858400,46467.4968,47007.9681,46435.8642,46940.2545
2026-07-24 03:00:00,1784862000,46929.9553,47556.8676,46890.6668,47447.9444
2026-07-24 04:00:00,1784865600,47452.2306,47994.2277,47452.2306,47507.0944
2026-07-24 05:00:00,1784869200,47525.7393,47661.6195,47262.5500,47599.0823
2026-07-24 06:00:00,1784872800,47581.3210,47769.1046,47387.7588,47756.7734
2026-07-24 07:00:00,1784876400,47745.0194,47778.5618,47176.7401,47295.4380
2026-07-24 08:00:00,1784880000,47286.7904,47518.4872,47035.4078,47087.9020
2026-07-24 09:00:00,1784883600,47098.4842,47290.3874,46595.1806,46700.0926
2026-07-24 10:00:00,1784887200,46692.3787,47009.0744,46382.5093,46526.0954
2026-07-24 11:00:00,1784890800,46541.0773,47235.2238,46541.0773,47221.0422
2026-07-24 12:00:00,1784894400,47210.9470,47499.8204,46938.4910,47075.8052
2026-07-24 13:00:00,1784898000,47091.0266,47192.6469,46841.8088,46865.2352
2026-07-24 14:00:00,1784901600,46848.8712,47209.3046,46586.4039,47014.3921
2026-07-24 15:00:00,1784905200,47025.0998,47534.7821,46981.9014,47428.5860
2026-07-24 16:00:00,1784908800,47447.6005,47565.6079,46838.7487,46871.9735
2026-07-24 17:00:00,1784912400,46870.6123,47225.3839,46727.6567,47140.8609
2026-07-24 18:00:00,1784916000,47131.0823,47453.1629,46678.3744,46689.9704
2026-07-24 19:00:00,1784919600,46679.1008,47175.1182,46626.4573,46942.8820
2026-07-24 20:00:00,1784923200,46935.1737,47400.1349,46644.7809,47313.7258
2026-07-24 21:00:00,1784926800,47295.3418,47347.3627,46455.5854,46481.4587
2026-07-24 22:00:00,1784930400,46468.5259,46780.3129,46106.1906,46106.1906
2026-07-24 23:00:00,1784934000,46105.7307,46357.4720,45995.1553,46176.2545
2026-07-25 00:00:00,1784937600,46178.9651,46262.8309,45790.6649,45958.4470
2026-07-25 01:00:00,1784941200,45954.4186,46012.4891,45704.6297,45816.0197
2026-07-25 02:00:00,1784944800,45807.8127,46127.9137,45541.1565,45634.2657
2026-07-25 03:00:00,1784948400,45623.2429,46280.4046,45610.9220,45988.1198
2026-07-25 04:00:00,1784952000,45983.9411,46031.1539,45590.5135,45914.7454
2026-07-25 05:00:00,1784955600,45919.0487,47049.2747,45919.0487,46930.7414
2026-07-25 06:00:00,1784959200,46941.5712,47256.1321,46718.5969,47094.5940
2026-07-25 07:00:00,1784962800,47097.8076,47557.3606,46957.7592,46988.0534
2026-07-25 08:00:00,1784966400,46988.5727,47093.3999,46592.7409,46647.0457
2026-07-25 09:00:00,1784970000,46637.2686,46788.6050,46433.7979,46684.0994
2026-07-25 10:00:00,1784973600,46695.4339,47029.1625,46464.9851,46489.2582
2026-07-25 11:00:00,1784977200,46488.0662,46984.0711,46480.8278,46798.8790
2026-07-25 12:00:00,1784980800,46788.4385,47245.3406,46543.3449,46758.7358
2026-07-25 13:00:00,1784984400,46753.6099,47156.3697,46555.6368,47045.7077
2026-07-25 14:00:00,1784988000,47035.2300,47201.7346,46428.7880,46521.1397
2026-07-25 15:00:00,1784991600,46528.1244,46742.5211,46182.3190,46347.1055
2026-07-25 16:00:00,1784995200,46353.3664,46708.2684,46287.1961,46687.6825
2026-07-25 17:00:00,1784998800,46694.1648,46734.0300,45860.3909,45975.7856
2026-07-25 18:00:00,1785002400,45971.2304,46076.4886,45511.3552,45521.5644
2026-07-25 19:00:00,1785006000,45528.4219,45546.7986,45070.2484,45162.0527
2026-07-25 20:00:00,1785009600,45156.0822,45571.3467,44995.3922,45011.4355
2026-07-25 21:00:00,1785013200,45005.9763,45017.1748,44492.3081,44631.8888
2026-07-25 22:00:00,1785016800,44621.0125,45074.6844,44448.2406,44802.5630
2026-07-25 23:00:00,1785020400,44799.5607,45091.6649,44634.3983,44932.3199
2026-07-26 00:00:00,1785024000,44931.6002,44975.4424,43995.5155,44045.9228
2026-07-26 01:00:00,1785027600,44038.4764,44394.8808,43859.5383,44241.6242
2026-07-26 02:00:00,1785031200,44221.1379,44440.5122,44115.8682,44232.6694
2026-07-26 03:00:00,1785034800,44243.6963,44817.9662,44215.4766,44451.9253
2026-07-26 04:00:00,1785038400,44471.2170,44879.5657,44412.1284,44632.3376
2026-07-26 05:00:00,1785042000,44633.6880,44913.8948,44495.5799,44628.5274
2026-07-26 06:00:00,1785045600,44626.9669,44970.5384,44208.2693,44850.0557
2026-07-26 07:00:00,1785049200,44824.9897,45172.9575,44547.2908,44924.6204
2026-07-26 08:00:00,1785052800,44913.4873,45197.3042,44768.3902,45073.7660
2026-07-26 09:00:00,1785056400,45094.7447,45163.4438,44840.5896,44969.1716
2026-07-26 10:00:00,1785060000,44984.0089,45350.3213,44963.5729,45322.6889
2026-07-26 11:00:00,1785063600,45313.9174,45885.6724,45260.1444,45576.7140
2026-07-26 12:00:00,1785067200,45569.7994,45766.7764,44652.4519,44955.0017
2026-07-26 13:00:00,1785070800,44948.7756,45601.8820,44733.3859,45563.2590
2026-07-26 14:00:00,1785074400,45564.2046,46219.0961,45434.5438,45917.5400
2026-07-26 15:00:00,1785078000,45921.8413,46207.9298,45572.6540,46149.7245
2026-07-26 16:00:00,1785081600,46146.5792,46351.1996,45933.7195,46017.8313
2026-07-26 17:00:00,1785085200,46010.4595,46589.8561,45955.7974,46340.5696
2026-07-26 18:00:00,1785088800,46333.1494,46718.7092,46179.2607,46665.0549
2026-07-26 19:00:00,1785092400,46665.5105,46849.8130,46526.2016,46589.5126
2026-07-26 20:00:00,1785096000,46598.3798,46890.1039,46491.5447,46829.5943
2026-07-26 21:00:00,1785099600,46819.2808,47110.1383,46658.7887,46912.1383
2026-07-26 22:00:00,1785103200,46918.5425,47380.1757,46887.1396,47334.2603
2026-07-26 23:00:00,1785106800,47330.9968,47611.3276,47226.7028,47580.3527
2026-07-27 00:00:00,1785110400,47559.5178,48107.2981,47384.3972,47753.9878
2026-07-27 01:00:00,1785114000,47742.7559,48603.0237,47684.2857,48506.7234
2026-07-27 02:00:00,1785117600,48489.4106,48489.4106,47923.5485,48285.1761
2026-07-27 03:00:00,1785121200,48286.5519,48789.4077,48247.1153,48730.9482
2026-07-27 04:00:00,1785124800,48732.9678,49165.0614,48722.6958,49051.7756
2026-07-27 05:00:00,1785128400,49053.9649,49540.5968,49025.2777,49287.0342
2026-07-27 06:00:00,1785132000,49264.7391,50026.1411,49245.1240,49734.1580
2026-07-27 07:00:00,1785135600,49723.4544,50085.4585,49680.8061,49744.1989
2026-07-27 08:00:00,1785139200,49776.0508,50347.3489,49601.4942,50210.0529
2026-07-27 09:00:00,1785142800,50204.5054,50604.6213,49824.7639,50604.6213
2026-07-27 10:00:00,1785146400,50587.0452,50605.4573,49353.0101,49653.9922
2026-07-27 11:00:00,1785150000,49640.8451,50017.2555,49579.7117,49996.4058
2026-07-27 12:00:00,1785153600,49999.9292,50091.8918,49616.8955,50034.1922
2026-07-27 13:00:00,1785157200,50031.3298,50198.7311,49514.9189,49521.2257
2026-07-27 14:00:00,1785160800,49522.8764,49893.9853,49471.3894,49642.5446
2026-07-27 15:00:00,1785164400,49610.2979,49778.6675,49315.0961,49778.6675
2026-07-27 16:00:00,1785168000,49795.5867,49941.5133,49133.6630,49133.6630
2026-07-27 17:00:00,1785171600,49124.9977,49490.8739,48987.3940,49013.4175
2026-07-27 18:00:00,1785175200,49031.9696,49686.2423,48936.7763,49480.8339
2026-07-27 19:00:00,1785178800,49488.6776,49579.3820,49160.0360,49398.9521
2026-07-27 20:00:00,1785182400,49403.4774,49547.2848,49185.1365,49222.6883
2026-07-27 21:00:00,1785186000,49212.4919,49307.8095,48818.9297,49073.7269
2026-07-27 22:00:00,1785189600,49089.0087,49312.6481,48870.7335,49279.0819
2026-07-27 23:00:00,1785193200,49289.3015,49657.1260,48773.1882,49610.5768
2026-07-28 00:00:00,1785196800,49609.6613,49666.4751,49221.5603,49268.9640
2026-07-28 01:00:00,1785200400,49293.3611,49383.2786,48761.7750,48880.8870
2026-07-28 02:00:00,1785204000,48881.3309,49441.9246,48816.4631,49286.1956
2026-07-28 03:00:00,1785207600,49286.7228,49364.9495,48876.9936,49249.7345
2026-07-28 04:00:00,1785211200,49242.8747,49242.8747,48722.1013,48809.8204
2026-07-28 05:00:00,1785214800,48817.3998,49005.5502,48415.3915,48721.6211
2026-07-28 06:00:00,1785218400,48720.1547,48838.8652,48135.7983,48269.4145
2026-07-28 07:00:00,1785222000,48269.5246,48530.0688,47991.0933,48366.8605
2026-07-28 08:00:00,1785225600,48373.0446,48471.8023,48017.2856,48287.6640
2026-07-28 09:00:00,1785229200,48281.3779,48737.9532,48144.8233,48623.4827
2026-07-28 10:00:00,1785232800,48621.2257,49963.4571,48616.5413,49877.5684
2026-07-28 11:00:00,1785236400,49869.0418,50567.8724,49645.6513,50384.0594
2026-07-28 12:00:00,1785240000,50376.7453,50429.0891,50013.1920,50131.6536
2026-07-28 13:00:00,1785243600,50136.5273,50424.4114,49861.1386,50410.7525
2026-07-28 14:00:00,1785247200,50390.2572,50927.5617,50163.7007,50314.6387
2026-07-28 15:00:00,1785250800,50324.0583,50658.7186,50119.9106,50647.5033
2026-07-28 16:00:00,1785254400,50627.3498,50662.6978,50089.2168,50259.5558
2026-07-28 17:00:00,1785258000,50248.0306,50650.4362,50037.8578,50316.4852
2026-07-28 18:00:00,1785261600,50305.4352,51278.4647,50284.2213,51191.0795
2026-07-28 19:00:00,1785265200,51189.4262,51323.4929,50954.1051,51300.4113
2026-07-28 20:00:00,1785268800,51292.0225,51784.7304,51252.3462,51722.7178
2026-07-28 21:00:00,1785272400,51722.3371,52272.9231,51556.2518,51974.6152
2026-07-28 22:00:00,1785276000,51968.7553,52221.7294,51608.0742,51856.9179
2026-07-28 23:00:00,1785279600,51857.6575,52078.3997,51506.9492,51942.2677
2026-07-29 00:00:00,1785283200,51933.2112,52017.5453,50918.3046,50943.6887
2026-07-29 01:00:00,1785286800,50959.3300,51380.3595,50825.0442,51301.3335
2026-07-29 02:00:00,1785290400,51301.2574,51631.5206,51124.6218,51552.7930
2026-07-29 03:00:00,1785294000,51548.8914,51559.5476,51097.2427,51322.4107
2026-07-29 04:00:00,1785297600,51324.5218,51509.4417,50879.2108,51127.9540
2026-07-29 05:00:00,1785301200,51129.4284,51181.4482,50798.3545,51097.4201
2026-07-29 06:00:00,1785304800,51106.1909,51609.0440,50957.1258,51073.9758
2026-07-29 07:00:00,1785308400,51071.3099,51218.4230,50756.2169,51050.4370
2026-07-29 08:00:00,1785312000,51039.1631,51680.9365,50851.4768,51416.5205
2026-07-29 09:00:00,1785315600,51425.5382,51596.5190,50696.7001,50809.9468
2026-07-29 10:00:00,1785319200,50802.0052,50913.2977,50367.2811,50805.1343
2026-07-29 11:00:00,1785322800,50800.9244,51225.3765,50467.4103,50624.3787
2026-07-29 12:00:00,1785326400,50625.6462,50871.8441,50120.1932,50364.8725
2026-07-29 13:00:00,1785330000,50363.0190,51253.9728,50194.6045,51252.2370
2026-07-29 14:00:00,1785333600,51270.2518,51507.4877,51049.1562,51211.6519
2026-07-29 15:00:00,1785337200,51210.8791,51498.1352,50447.1479,50907.0734
2026-07-29 16:00:00,1785340800,50894.9556,51654.4088,50791.3315,51568.7794
2026-07-29 17:00:00,1785344400,51592.9144,51600.7140,50628.9360,51282.2681
2026-07-29 18:00:00,1785348000,51290.1924,51472.9933,50879.1501,51332.3056
2026-07-29 19:00:00,1785351600,51339.4203,51464.8514,50803.1684,50921.8697
2026-07-29 20:00:00,1785355200,50925.2723,50967.8009,50538.2621,50922.8028
2026-07-29 21:00:00,1785358800,50920.7964,51513.6372,50763.4724,51433.3011
2026-07-29 22:00:00,1785362400,51439.5481,51840.1537,51384.8133,51594.9298
2026-07-29 23:00:00,1785366000,51595.4221,51681.0871,51170.6546,51240.4438
2026-07-30 00:00:00,1785369600,51236.9466,51368.8590,50802.8415,51284.9337
2026-07-30 01:00:00,1785373200,51278.7265,52138.7487,51247.0270,52110.6794
2026-07-30 02:00:00,1785376800,52099.8638,52437.7649,51921.8605,51949.6016
2026-07-30 03:00:00,1785380400,51954.6982,52196.8175,51834.8669,51969.0586
2026-07-30 04:00:00,1785384000,51970.9852,52012.7890,51504.1841,51562.4201
2026-07-30 05:00:00,1785387600,51569.2434,51936.8006,51232.6813,51264.7799
2026-07-30 06:00:00,1785391200,51271.2462,51754.4755,50927.3300,51078.0355
2026-07-30 07:00:00,1785394800,51078.0776,51657.5800,50866.2761,51560.4835
2026-07-30 08:00:00,1785398400,51567.6740,51792.4606,50987.0278,51234.4769
2026-07-30 09:00:00,1785402000,51232.7346,51876.4312,51174.4064,51749.7462
2026-07-30 10:00:00,1785405600,51741.1645,51913.6500,51479.7870,51891.8028
2026-07-30 11:00:00,1785409200,51894.9708,52171.1006,51563.3817,51727.9921
2026-07-30 12:00:00,1785412800,51716.8282,51840.4415,51072.9468,51291.5093
2026-07-30 13:00:00,1785416400,51291.3249,51488.2852,51078.5578,51084.8376
2026-07-30 14:00:00,1785420000,51104.6602,51412.5688,51069.7752,51320.6679
2026-07-30 15:00:00,1785423600,51325.7250,51368.0540,50709.9053,50727.8355
2026-07-30 16:00:00,1785427200,50736.5027,51283.9362,50726.0193,51184.6210
2026-07-30 17:00:00,1785430800,51181.9374,51690.0674,51098.0293,51606.9987
2026-07-30 18:00:00,1785434400,51609.8662,51676.4153,51247.1807,51531.3612
2026-07-30 19:00:00,1785438000,51534.7769,51561.5861,50965.7234,50997.7178
2026-07-30 20:00:00,1785441600,50989.4907,51302.7198,50518.8941,50786.4253
2026-07-30 21:00:00,1785445200,50795.1362,51206.2810,50608.0904,50633.8964
2026-07-30 22:00:00,1785448800,50635.4864,50655.5428,49951.8016,49951.8016
2026-07-30 23:00:00,1785452400,49951.3079,50297.7771,49833.0540,50131.6968
2026-07-31 00:00:00,1785456000,50134.4243,50445.8036,50012.9812,50362.7106
2026-07-31 01:00:00,1785459600,50362.2542,50910.7288,50330.1403,50666.0885
2026-07-31 02:00:00,1785463200,50676.9303,51057.1400,50594.7957,50858.4629
2026-07-31 03:00:00,1785466800,50868.2373,51118.7180,49864.7360,50014.1242
2026-07-31 04:00:00,1785470400,50017.6251,50369.4280,49905.0957,50353.4203
2026-07-31 05:00:00,1785474000,50356.3774,50641.2218,49970.9417,50535.2299
2026-07-31 06:00:00,1785477600,50552.7313,50671.5876,50006.0537,50138.3281
2026-07-31 07:00:00,1785481200,50148.5457,50360.5867,49626.0503,49802.9370
2026-07-31 08:00:00,1785484800,49795.0572,49939.7289,49509.3461,49556.0569
2026-07-31 09:00:00,1785488400,49556.3468,49795.7585,49030.9885,49113.2800
2026-07-31 10:00:00,1785492000,49131.1998,49156.6645,48258.7717,48329.1851
2026-07-31 11:00:00,1785495600,48337.9370,48523.2777,48078.8574,48294.4471
2026-07-31 12:00:00,1785499200,48310.2943,48594.1287,48295.4630,48469.2030
2026-07-31 13:00:00,1785502800,48486.4949,48598.7611,48002.0232,48135.2283
2026-07-31 14:00:00,1785506400,48136.2313,48366.7991,47849.6503,47948.1493
2026-07-31 15:00:00,1785510000,47954.4827,48765.2271,47774.7522,48666.7488
2026-07-31 16:00:00,1785513600,48682.1378,48701.7840,47922.7574,47954.8045
2026-07-31 17:00:00,1785517200,47952.5545,48244.7385,47523.1761,48043.5810
2026-07-31 18:00:00,1785520800,48032.4278,48154.1043,47633.6351,47983.1172
2026-07-31 19:00:00,1785524400,47978.0545,48065.1001,47409.4510,47539.1916
2026-07-31 20:00:00,1785528000,47547.8225,47757.5812,47395.3175,47631.9833
2026-07-31 21:00:00,1785531600,47637.6850,47777.7243,47413.4632,47413.4632
2026-07-31 22:00:00,1785535200,47423.7501,47486.5750,46932.3237,46952.5818
2026-07-31 23:00:00,1785538800,46942.8374,47230.3229,46888.0667,46954.6535
2026-08-01 00:00:00,1785542400,46945.7750,47013.3619,46538.9646,46716.5745
2026-08-01 01:00:00,1785546000,46723.7800,47008.2814,46676.9265,46830.5908
2026-08-01 02:00:00,1785549600,46820.4144,46912.3123,45916.6512,46083.5062
2026-08-01 03:00:00,1785553200,46086.7362,47007.9968,46064.1692,46902.0676
2026-08-01 04:00:00,1785556800,46876.4246,47151.3351,46745.9783,46915.2609
2026-08-01 05:00:00,1785560400,46927.8049,47071.5054,46651.5364,46959.3864
2026-08-01 06:00:00,1785564000,46971.1833,47289.7088,46774.0109,47136.7714
2026-08-01 07:00:00,1785567600,47139.8010,47790.0927,46960.8406,47757.6421
2026-08-01 08:00:00,1785571200,47746.0123,47821.0425,47429.4671,47736.5667
2026-08-01 09:00:00,1785574800,47733.5125,47781.6935,47355.0859,47591.3356
2026-08-01 10:00:00,1785578400,47594.1386,47953.4180,47504.3532,47887.6827
2026-08-01 11:00:00,1785582000,47888.6603,48385.7708,47780.6898,48337.7305
2026-08-01 12:00:00,1785585600,48340.6203,48732.9075,48197.4680,48717.5153
2026-08-01 13:00:00,1785589200,48714.1577,48949.2446,48322.8590,48783.8173
2026-08-01 14:00:00,1785592800,48779.0242,49277.9503,48686.7862,49216.3402
2026-08-01 15:00:00,1785596400,49215.7129,50235.0126,49192.9828,49628.7423
2026-08-01 16:00:00,1785600000,49634.4722,49887.8100,49415.1406,49560.7481
2026-08-01 17:00:00,1785603600,49558.2384,49657.5136,49156.7192,49280.1450
2026-08-01 18:00:00,1785607200,49270.0470,49674.0307,48960.5210,49263.5211
2026-08-01 19:00:00,1785610800,49268.7336,49630.3444,49233.7844,49342.1930
2026-08-01 20:00:00,1785614400,49342.5980,49924.0507,49306.4953,49803.6274
2026-08-01 21:00:00,1785618000,49799.6535,49837.8967,49114.1267,49573.9113
2026-08-01 22:00:00,1785621600,49585.0346,49777.6135,49383.8078,49734.0660
2026-08-01 23:00:00,1785625200,49751.9410,50347.5997,49609.2108,50220.8952
2026-08-02 00:00:00,1785628800,50216.8965,50278.0633,49459.4735,49608.3683
2026-08-02 01:00:00,1785632400,49606.4620,50080.0307,49510.8528,50067.1346
2026-08-02 02:00:00,1785636000,50056.8307,50541.9488,49960.4488,50044.9523
2026-08-02 03:00:00,1785639600,50043.0839,50339.1186,49677.1236,49755.9772
2026-08-02 04:00:00,1785643200,49750.6948,50123.5704,49694.8975,49757.8639
2026-08-02 05:00:00,1785646800,49757.0644,50489.7237,49653.1151,50272.8187
2026-08-02 06:00:00,1785650400,50268.2648,50488.1273,49321.1983,49330.7354
2026-08-02 07:00:00,1785654000,49347.0560,50005.4080,49306.9949,49995.2375
2026-08-02 08:00:00,1785657600,49984.2040,50124.1888,49622.3507,49671.8356
2026-08-02 09:00:00,1785661200,49660.4377,49705.7242,49194.6808,49529.6357
2026-08-02 10:00:00,1785664800,49516.5052,49824.3557,49456.8776,49481.5653
2026-08-02 11:00:00,1785668400,49483.9660,49952.3245,49291.0474,49773.6078
2026-08-02 12:00:00,1785672000,49770.6909,50292.7201,49551.8146,49905.5519
2026-08-02 13:00:00,1785675600,49894.4214,50296.4896,49760.1234,50187.0404
2026-08-02 14:00:00,1785679200,50203.0609,50545.4512,49931.5773,50385.8562
2026-08-02 15:00:00,1785682800,50382.7028,50908.7110,50322.0798,50701.8167
2026-08-02 16:00:00,1785686400,50709.9150,50749.9273,49864.2853,50216.2642
2026-08-02 17:00:00,1785690000,50215.7228,50433.7867,50000.8592,50164.1125
2026-08-02 18:00:00,1785693600,50163.6177,50407.0965,49813.7436,50399.4784
2026-08-02 19:00:00,1785697200,50399.8323,50960.6529,50216.5181,50850.7880
2026-08-02 20:00:00,1785700800,50850.6350,51182.5137,50801.5761,50922.4438
2026-08-02 21:00:00,1785704400,50924.6524,51453.1159,50836.8390,50920.0459
2026-08-02 22:00:00,1785708000,50925.0144,51125.3148,50037.1129,50037.1129
2026-08-02 23:00:00,1785711600,50027.4350,50075.6520,49420.7767,49441.4205
2026-08-03 00:00:00,1785715200,49426.4994,49438.2795,49032.4165,49072.4416
2026-08-03 01:00:00,1785718800,49065.9879,49582.9052,48943.6509,49485.8714
2026-08-03 02:00:00,1785722400,49487.4529,49700.9190,48865.7137,48937.8974
2026-08-03 03:00:00,1785726000,48920.9166,49394.4155,48813.0965,48909.5720
2026-08-03 04:00:00,1785729600,48906.1367,49806.9410,48723.4074,49639.7835
2026-08-03 05:00:00,1785733200,49636.5877,49796.0181,49312.6143,49439.6651
2026-08-03 06:00:00,1785736800,49439.4926,49699.3316,49295.9155,49691.7817
2026-08-03 07:00:00,1785740400,49707.7816,50268.0717,49621.6183,49969.7501
2026-08-03 08:00:00,1785744000,49959.8751,50430.7223,49773.1157,50324.2064
2026-08-03 09:00:00,1785747600,50333.5940,50937.2837,50240.0994,50609.5825
2026-08-03 10:00:00,1785751200,50604.9543,50868.5240,50598.7903,50754.9987
2026-08-03 11:00:00,1785754800,50761.5741,50788.5583,49925.2779,49956.6502
2026-08-03 12:00:00,1785758400,49958.6066,50145.1810,49747.4719,49821.7763
2026-08-03 13:00:00,1785762000,49807.2562,50285.5350,49790.0125,50217.6098
2026-08-03 14:00:00,1785765600,50224.4784,50832.3024,50176.0073,50524.7946
2026-08-03 15:00:00,1785769200,50528.2253,51091.1983,50401.4017,50815.7777
2026-08-03 16:00:00,1785772800,50812.4371,50812.4371,50176.1812,50570.4871
2026-08-03 17:00:00,1785776400,50567.2369,51005.2519,50442.3000,50721.8549
2026-08-03 18:00:00,1785780000,50707.7655,51213.4956,50535.2785,51024.6532
2026-08-03 19:00:00,1785783600,51030.2327,51039.4139,50566.1628,50807.9829
2026-08-03 20:00:00,1785787200,50821.0209,50950.4486,50455.9654,50827.1959
2026-08-03 21:00:00,1785790800,50825.5650,50974.5099,50635.4620,50901.1325
2026-08-03 22:00:00,1785794400,50903.0271,51618.4715,50863.9681,51614.3068
2026-08-03 23:00:00,1785798000,51608.7346,51883.6105,51547.9081,51550.4628
2026-08-04 00:00:00,1785801600,51555.5983,51950.4071,51385.9709,51732.0176
2026-08-04 01:00:00,1785805200,51721.9905,52235.2007,51680.8831,52173.0150
2026-08-04 02:00:00,1785808800,52182.3954,52997.1566,52050.8487,52854.6331
2026-08-04 03:00:00,1785812400,52858.0623,53327.1033,52755.2192,53038.7262
2026-08-04 04:00:00,1785816000,53044.0042,53161.0978,52278.8278,52339.9683
2026-08-04 05:00:00,1785819600,52349.6408,52765.6342,52186.0945,52364.5742
2026-08-04 06:00:00,1785823200,52357.3497,52796.2356,52333.6125,52627.9001
2026-08-04 07:00:00,1785826800,52604.9508,52733.4571,52345.5691,52504.1565
2026-08-04 08:00:00,1785830400,52508.4926,53095.5940,52287.3431,52611.7862
2026-08-04 09:00:00,1785834000,52614.3554,52970.7796,52568.3941,52580.4268
2026-08-04 10:00:00,1785837600,52568.0810,52678.2250,52005.0474,52061.4210
2026-08-04 11:00:00,1785841200,52071.3711,52169.2984,51771.5826,52016.9983
2026-08-04 12:00:00,1785844800,52030.3436,52148.9240,51333.4173,51535.9917
2026-08-04 13:00:00,1785848400,51525.6856,52061.6595,51455.7569,51926.0673
2026-08-04 14:00:00,1785852000,51933.1479,52415.0096,51811.1996,52269.8777
2026-08-04 15:00:00,1785855600,52276.6311,52641.5821,51950.3592,52635.7708
2026-08-04 16:00:00,1785859200,52640.3878,53296.7658,52494.7858,53194.3686
2026-08-04 17:00:00,1785862800,53202.1814,53241.8099,52915.6362,53110.0272
2026-08-04 18:00:00,1785866400,53108.1516,53299.0661,52799.6244,53279.6800
2026-08-04 19:00:00,1785870000,53276.5769,53499.3659,52676.6977,52676.6977
2026-08-04 20:00:00,1785873600,52669.5960,52819.6296,52424.9426,52557.2657
2026-08-04 21:00:00,1785877200,52567.9193,52795.6738,52010.5183,52083.4990
2026-08-04 22:00:00,1785880800,52086.6066,52450.3057,51759.2730,52431.8622
2026-08-04 23:00:00,1785884400,52442.8465,52985.3931,52291.6520,52868.9188
2026-08-05 00:00:00,1785888000,52856.0540,53072.9452,52625.5856,53047.8231
2026-08-05 01:00:00,1785891600,53052.5864,53715.0406,52777.0941,52854.2275
2026-08-05 02:00:00,1785895200,52845.9257,53457.0404,52819.5326,53175.2226
2026-08-05 03:00:00,1785898800,53202.3251,53697.2280,53065.6317,53563.7636
2026-08-05 04:00:00,1785902400,53559.1661,53927.9719,53549.3040,53650.1320
2026-08-05 05:00:00,1785906000,53644.3986,53675.9880,52867.6258,53235.2561
2026-08-05 06:00:00,1785909600,53240.3487,53735.0218,53205.2273,53360.7800
2026-08-05 07:00:00,1785913200,53360.7502,53729.6887,53222.3873,53675.0995
2026-08-05 08:00:00,1785916800,53674.7040,54062.9903,53559.3429,53780.9807
2026-08-05 09:00:00,1785920400,53767.6295,53938.3741,53453.2103,53591.8457
2026-08-05 10:00:00,1785924000,53583.3857,54015.4648,53476.5410,53708.5431
2026-08-05 11:00:00,1785927600,53702.0121,53925.2184,53306.5853,53306.5853
2026-08-05 12:00:00,1785931200,53301.8235,53356.0088,52793.8432,52981.7140
2026-08-05 13:00:00,1785934800,52991.4195,53124.1338,52426.2317,52699.4834
2026-08-05 14:00:00,1785938400,52689.3786,53163.4730,52518.6394,53045.6374
2026-08-05 15:00:00,1785942000,53035.2454,53044.6480,52025.4457,52095.9618
2026-08-05 16:00:00,1785945600,52093.8097,52359.7952,51694.4354,51924.6237
2026-08-05 17:00:00,1785949200,51916.3615,52110.3805,51300.0057,51324.1045
2026-08-05 18:00:00,1785952800,51316.0331,51474.6130,50821.6527,50960.9747
2026-08-05 19:00:00,1785956400,50965.8770,50965.8770,50452.3789,50600.9291
2026-08-05 20:00:00,1785960000,50594.2907,50607.6598,50099.9109,50526.6078
2026-08-05 21:00:00,1785963600,50520.4823,50884.3370,50236.7876,50776.0576
2026-08-05 22:00:00,1785967200,50761.7527,51327.6848,50647.2652,51181.3884
2026-08-05 23:00:00,1785970800,51189.3053,51686.6342,50962.1560,51230.7957
2026-08-06 00:00:00,1785974400,51213.1361,51762.8874,51120.5516,51444.0764
2026-08-06 01:00:00,1785978000,51435.2108,51758.7961,51195.6685,51496.2076
2026-08-06 02:00:00,1785981600,51507.2330,51507.2330,50860.0214,50898.0882
2026-08-06 03:00:00,1785985200,50907.4796,51092.6528,50556.0982,50665.5170
2026-08-06 04:00:00,1785988800,50659.7586,50673.2682,50091.6024,50209.0961
2026-08-06 05:00:00,1785992400,50214.2706,50716.6417,50084.6088,50664.7567
2026-08-06 06:00:00,1785996000,50654.9305,50798.9527,50244.9588,50604.6047
2026-08-06 07:00:00,1785999600,50610.1040,50717.5876,50090.6281,50255.0847
2026-08-06 08:00:00,1786003200,50259.4122,50348.8471,49816.4131,50196.6759
2026-08-06 09:00:00,1786006800,50208.6884,50305.9995,49768.2976,49824.2969
2026-08-06 10:00:00,1786010400,49851.3566,50677.4011,49771.7530,50503.5840
2026-08-06 11:00:00,1786014000,50501.4191,50834.3957,50229.8197,50834.3957
2026-08-06 12:00:00,1786017600,50825.6089,51024.7252,50649.6004,50845.8296
2026-08-06 13:00:00,1786021200,50835.9542,51271.6298,50760.0460,50905.6512
2026-08-06 14:00:00,1786024800,50903.1917,51031.5411,50352.8803,50496.6541
2026-08-06 15:00:00,1786028400,50489.3591,50708.5836,50281.6843,50349.2873
2026-08-06 16:00:00,1786032000,50355.3354,50499.2795,49952.4061,50020.1028
2026-08-06 17:00:00,1786035600,50021.8032,50076.6369,49600.5946,50023.5532
2026-08-06 18:00:00,1786039200,50024.9724,50253.4317,49701.1252,50139.9145
2026-08-06 19:00:00,1786042800,50135.8944,50485.9453,49909.6266,50001.9534
2026-08-06 20:00:00,1786046400,50005.5300,50017.2054,49519.8420,49583.6762
2026-08-06 21:00:00,1786050000,49596.2127,49711.1777,49228.9045,49595.4954
2026-08-06 22:00:00,1786053600,49599.0572,49599.0572,48779.2516,49436.5281
2026-08-06 23:00:00,1786057200,49447.6768,49748.9304,49262.8291,49376.6236
2026-08-07 00:00:00,1786060800,49368.0358,49880.4850,49237.9761,49468.7758
2026-08-07 01:00:00,1786064400,49465.4032,49499.4295,48887.2151,48893.1575
2026-08-07 02:00:00,1786068000,48879.9863,48934.9342,48314.9338,48384.1726
2026-08-07 03:00:00,1786071600,48379.2216,48712.6936,48236.4661,48336.2798
2026-08-07 04:00:00,1786075200,48345.4649,48740.8866,48238.9092,48487.8479
2026-08-07 05:00:00,1786078800,48483.0475,48525.2988,47981.0764,48184.9432
2026-08-07 06:00:00,1786082400,48176.0162,48247.9901,47263.9967,47296.6092
2026-08-07 07:00:00,1786086000,47300.2616,47380.8820,46843.3581,46915.6038
2026-08-07 08:00:00,1786089600,46905.7760,47087.1188,46665.2436,46891.2197
2026-08-07 09:00:00,1786093200,46883.7046,46936.9158,46132.8420,46193.4353
2026-08-07 10:00:00,1786096800,46194.5458,46415.1779,46092.3255,46251.1467
2026-08-07 11:00:00,1786100400,46241.3927,46695.7461,46099.0403,46695.7461
2026-08-07 12:00:00,1786104000,46689.3402,47245.2280,46646.7229,47102.2713
2026-08-07 13:00:00,1786107600,47092.4739,47276.5354,46748.9860,46780.8723
2026-08-07 14:00:00,1786111200,46777.4038,46791.7754,45936.6558,46317.1485
2026-08-07 15:00:00,1786114800,46324.6813,46810.6147,46299.0382,46767.4252
2026-08-07 16:00:00,1786118400,46762.0626,47213.8208,46731.0847,46972.5056
2026-08-07 17:00:00,1786122000,46990.1771,47232.3229,46777.7155,46901.5171
2026-08-07 18:00:00,1786125600,46892.6965,46979.9546,46684.0432,46730.8483
2026-08-07 19:00:00,1786129200,46729.9973,46829.1546,46157.1722,46713.2198
2026-08-07 20:00:00,1786132800,46732.0312,46794.3390,46295.5069,46353.8238
2026-08-07 21:00:00,1786136400,46343.5280,47129.1109,46123.2190,47016.9885
2026-08-07 22:00:00,1786140000,47004.3484,47521.5902,46968.3849,47422.1881
2026-08-07 23:00:00,1786143600,47421.1453,48247.6741,47418.5372,48080.5647
2026-08-08 00:00:00,1786147200,48069.8962,48207.8870,47600.6930,47602.3409
2026-08-08 01:00:00,1786150800,47601.5618,47852.7085,47499.4843,47756.2116
2026-08-08 02:00:00,1786154400,47757.3211,47757.6838,47002.3575,47013.5028
2026-08-08 03:00:00,1786158000,47027.5186,47924.7351,47017.4872,47813.1183
2026-08-08 04:00:00,1786161600,47804.3159,48239.3566,47737.9198,48039.1097
2026-08-08 05:00:00,1786165200,48058.8660,48215.2632,47896.6637,48079.3658
2026-08-08 06:00:00,1786168800,48082.8881,48413.4962,47948.0848,48413.4962
2026-08-08 07:00:00,1786172400,48401.4041,48768.7080,48304.8406,48571.2844
2026-08-08 08:00:00,1786176000,48564.6742,49101.6191,48305.8647,49027.3538
2026-08-08 09:00:00,1786179600,49011.9047,49174.2308,48717.7911,48881.9902
2026-08-08 10:00:00,1786183200,48872.2535,49391.9682,48577.1795,48795.8263
2026-08-08 11:00:00,1786186800,48800.9939,48956.8562,48406.4107,48425.6926
2026-08-08 12:00:00,1786190400,48430.3466,48795.4535,48218.0301,48487.4312
2026-08-08 13:00:00,1786194000,48472.9050,49176.5321,48455.0486,49038.8655
2026-08-08 14:00:00,1786197600,49034.0717,49205.9009,48866.3646,49027.1666
2026-08-08 15:00:00,1786201200,49016.7217,49093.8334,48729.8025,49027.0876
2026-08-08 16:00:00,1786204800,49015.8366,49650.9206,48872.9040,49373.9862
2026-08-08 17:00:00,1786208400,49394.1448,49721.9428,49293.5371,49389.6506
2026-08-08 18:00:00,1786212000,49388.3928,49444.4424,48811.6108,48815.6267
2026-08-08 19:00:00,1786215600,48820.2498,48886.5941,48412.9746,48442.0654
2026-08-08 20:00:00,1786219200,48460.4529,48669.7445,48193.3746,48650.8907
2026-08-08 21:00:00,1786222800,48627.1979,49214.2474,48558.3106,48688.3924
2026-08-08 22:00:00,1786226400,48685.7998,48898.0278,48292.1375,48381.7109
2026-08-08 23:00:00,1786230000,48382.7962,48838.9113,48242.3014,48815.9859
2026-08-09 00:00:00,1786233600,48815.0828,49626.0148,48769.3278,49248.5557
2026-08-09 01:00:00,1786237200,49244.3687,49466.9460,49084.8412,49224.9363
2026-08-09 02:00:00,1786240800,49214.9660,49652.1748,49068.0204,49609.5225
2026-08-09 03:00:00,1786244400,49602.9345,50254.6141,49572.3857,50194.9345
2026-08-09 04:00:00,1786248000,50194.8183,50296.2785,49823.1918,49909.9197
2026-08-09 05:00:00,1786251600,49912.4327,50294.3115,49789.2173,49812.7513
2026-08-09 06:00:00,1786255200,49799.1806,50477.5164,49732.3870,50473.2723
2026-08-09 07:00:00,1786258800,50482.1716,51013.4574,50461.9682,50784.3510
2026-08-09 08:00:00,1786262400,50758.3029,51436.9167,50618.9008,51417.5170
2026-08-09 09:00:00,1786266000,51421.2510,51607.0915,51162.4044,51215.6977
2026-08-09 10:00:00,1786269600,51203.4617,51203.4617,50631.1507,51123.4205
2026-08-09 11:00:00,1786273200,51124.2965,51495.3439,50967.2011,51008.9682
2026-08-09 12:00:00,1786276800,50983.7283,51062.5026,50132.0722,50169.8853
2026-08-09 13:00:00,1786280400,50175.0655,50274.8025,49874.0165,50105.4548
2026-08-09 14:00:00,1786284000,50102.9967,50435.6196,49973.3600,50245.6757
2026-08-09 15:00:00,1786287600,50257.1538,50894.9062,50125.4548,50667.3150
2026-08-09 16:00:00,1786291200,50657.9946,50680.9574,50006.9928,50177.4915
2026-08-09 17:00:00,1786294800,50179.6683,50187.6962,49637.3692,49639.9776
2026-08-09 18:00:00,1786298400,49658.6180,50561.7225,49647.9494,50348.6247
2026-08-09 19:00:00,1786302000,50331.3178,50749.9443,50222.7445,50467.2059
2026-08-09 20:00:00,1786305600,50466.6959,50873.1390,50362.5797,50422.8815
2026-08-09 21:00:00,1786309200,50405.8321,50570.1464,49554.7875,49944.9900
2026-08-09 22:00:00,1786312800,49952.7646,50070.7422,49707.8752,49897.9271
2026-08-09 23:00:00,1786316400,49913.4180,50023.1037,49396.9680,49542.9344
2026-08-10 00:00:00,1786320000,49560.5216,49844.6168,49075.9819,49075.9819
2026-08-10 01:00:00,1786323600,49078.1857,49369.4112,48750.6841,48788.4955
2026-08-10 02:00:00,1786327200,48795.9498,49852.1823,48702.3486,49722.5432
2026-08-10 03:00:00,1786330800,49714.7115,50067.5922,49600.7148,50057.3853
2026-08-10 04:00:00,1786334400,50060.8706,50524.3436,49893.5253,50290.3473
2026-08-10 05:00:00,1786338000,50298.8069,50743.1778,50101.8364,50106.9749
2026-08-10 06:00:00,1786341600,50111.1912,50433.1128,49528.8054,49609.8089
2026-08-10 07:00:00,1786345200,49619.9437,50261.4053,49422.5281,50179.9463
2026-08-10 08:00:00,1786348800,50178.6488,50694.7404,50076.9889,50554.0470
2026-08-10 09:00:00,1786352400,50549.4676,50704.4154,50124.5523,50217.5783
2026-08-10 10:00:00,1786356000,50213.3695,50238.0843,49720.9678,50147.3998
2026-08-10 11:00:00,1786359600,50141.9586,50805.0550,50083.8930,50693.1433
2026-08-10 12:00:00,1786363200,50698.0574,51643.3423,50671.8886,51532.3018
2026-08-10 13:00:00,1786366800,51531.7239,51826.4638,51229.1344,51486.6569
2026-08-10 14:00:00,1786370400,51487.4458,51523.2360,50417.8448,50580.6524
2026-08-10 15:00:00,1786374000,50575.4364,50733.4239,50248.4493,50490.6742
2026-08-10 16:00:00,1786377600,50493.5656,50824.5336,50225.5534,50376.4426
2026-08-10 17:00:00,1786381200,50388.7370,50665.9863,50317.9220,50513.9295
2026-08-10 18:00:00,1786384800,50531.4426,50531.4426,49369.0822,49445.3761
2026-08-10 19:00:00,1786388400,49448.0628,49572.4915,48928.3002,49136.5027
2026-08-10 20:00:00,1786392000,49143.2077,49150.8143,48245.7882,48315.1641
2026-08-10 21:00:00,1786395600,48316.9040,48393.7724,47982.8479,48020.0330
2026-08-10 22:00:00,1786399200,48009.6689,48347.2040,47688.2026,48241.2770
2026-08-10 23:00:00,1786402800,48232.3660,48388.5068,47921.3862,48311.1248
2026-08-11 00:00:00,1786406400,48318.0356,49039.9251,48293.3280,48880.2233
2026-08-11 01:00:00,1786410000,48876.2410,49084.1411,48356.6726,48506.8732
2026-08-11 02:00:00,1786413600,48490.1706,48982.0535,48323.7690,48968.3905
2026-08-11 03:00:00,1786417200,48965.6380,49288.4645,48894.6617,49163.9489
2026-08-11 04:00:00,1786420800,49170.1724,49501.2969,49085.0310,49185.8992
2026-08-11 05:00:00,1786424400,49194.5526,49489.3430,48825.7926,48890.7844
2026-08-11 06:00:00,1786428000,48902.7585,49636.1875,48892.1320,49619.0175
2026-08-11 07:00:00,1786431600,49629.8023,49752.7024,49324.4982,49420.3089
2026-08-11 08:00:00,1786435200,49431.0296,49572.1986,49198.5318,49346.4359
2026-08-11 09:00:00,1786438800,49351.9776,49791.1373,49044.6233,49678.3526
2026-08-11 10:00:00,1786442400,49691.1619,50067.7647,49519.3238,49874.1536
2026-08-11 11:00:00,1786446000,49878.8437,50459.7036,49688.9951,50420.1869
2026-08-11 12:00:00,1786449600,50418.0210,50825.4104,50409.1010,50744.7994
2026-08-11 13:00:00,1786453200,50744.3349,51126.8429,50370.1472,51054.6848
2026-08-11 14:00:00,1786456800,51053.6434,51506.1720,50945.6763,51301.0185
2026-08-11 15:00:00,1786460400,51296.4981,51751.3343,51289.8760,51437.2986
2026-08-11 16:00:00,1786464000,51417.0224,51627.1374,51065.5959,51453.1513
2026-08-11 17:00:00,1786467600,51443.6691,51570.4342,51051.5061,51414.0734
2026-08-11 18:00:00,1786471200,51414.6314,51922.7216,51338.8601,51451.0037
2026-08-11 19:00:00,1786474800,51449.2886,51465.9341,50707.6338,51199.0251
2026-08-11 20:00:00,1786478400,51202.3856,51407.7177,50940.5261,51066.6229
2026-08-11 21:00:00,1786482000,51055.7711,51248.5687,50590.5931,50801.9523
2026-08-11 22:00:00,1786485600,50806.6337,51065.4059,50516.2536,51065.4059
2026-08-11 23:00:00,1786489200,51051.7511,51385.4100,50949.1724,51095.5473
2026-08-12 00:00:00,1786492800,51107.2731,51435.8846,50885.1561,51226.5073
2026-08-12 01:00:00,1786496400,51240.5284,51665.1080,51082.2080,51470.7103
2026-08-12 02:00:00,1786500000,51467.8362,51653.5494,51063.9598,51429.7353
2026-08-12 03:00:00,1786503600,51438.8152,51858.9473,51351.2212,51579.4277
2026-08-12 04:00:00,1786507200,51587.7321,52786.1776,51493.4917,52659.0605
2026-08-12 05:00:00,1786510800,52658.1244,53002.0433,52471.4388,52895.7422
2026-08-12 06:00:00,1786514400,52892.6009,53019.5231,52377.0192,52590.0773
2026-08-12 07:00:00,1786518000,52567.3314,53155.8469,52508.7601,52998.7153
2026-08-12 08:00:00,1786521600,53022.9479,53577.2055,52953.6645,53135.5648
2026-08-12 09:00:00,1786525200,53142.4332,53570.4446,53093.1283,53327.0904
2026-08-12 10:00:00,1786528800,53325.3131,53515.3194,52730.6061,53264.6240
2026-08-12 11:00:00,1786532400,53259.9019,53611.1413,52660.2507,52697.0259
2026-08-12 12:00:00,1786536000,52712.2395,53013.5595,52383.6189,52557.8437
2026-08-12 13:00:00,1786539600,52553.7728,52980.5440,52457.8443,52980.5440
2026-08-12 14:00:00,1786543200,52962.2604,53173.2911,52401.6564,52537.1939
2026-08-12 15:00:00,1786546800,52532.2511,53275.9471,52426.1962,52544.7923
2026-08-12 16:00:00,1786550400,52532.7564,53357.3618,52476.3143,53070.9675
2026-08-12 17:00:00,1786554000,53064.7915,53267.2530,52629.3137,52785.4083
2026-08-12 18:00:00,1786557600,52809.6781,52888.9596,52208.4719,52595.9196
2026-08-12 19:00:00,1786561200,52596.2708,52840.0549,52176.6600,52426.2972
2026-08-12 20:00:00,1786564800,52432.7349,52543.0673,51533.4687,51699.4247
2026-08-12 21:00:00,1786568400,51691.5490,51997.3993,51582.5018,51613.9022
2026-08-12 22:00:00,1786572000,51593.1990,51910.4954,51522.1850,51532.7067
2026-08-12 23:00:00,1786575600,51522.7773,52004.9345,51432.3105,51940.2001
2026-08-13 00:00:00,1786579200,51940.5415,51944.1753,51494.0473,51624.8033
2026-08-13 01:00:00,1786582800,51605.8516,51783.0815,51344.9226,51553.9934
2026-08-13 02:00:00,1786586400,51558.4989,51743.8480,51386.6391,51551.4579
2026-08-13 03:00:00,1786590000,51547.4268,51560.8545,51008.1037,51216.6468
2026-08-13 04:00:00,1786593600,51216.2578,51313.7110,50829.4537,51025.0645
2026-08-13 05:00:00,1786597200,51035.0054,51573.1887,50999.0721,51371.1474
2026-08-13 06:00:00,1786600800,51377.9710,51492.5830,50995.3666,51429.8236
2026-08-13 07:00:00,1786604400,51421.8464,52012.4685,51248.7201,51941.5406
2026-08-13 08:00:00,1786608000,51943.8596,52049.4893,51378.8496,51457.8364
2026-08-13 09:00:00,1786611600,51426.6837,51685.0893,50799.2394,50830.5916
2026-08-13 10:00:00,1786615200,50825.0253,51206.1741,50711.5687,50941.2544
2026-08-13 11:00:00,1786618800,50942.5868,51443.8582,50865.9550,50937.8429
2026-08-13 12:00:00,1786622400,50929.6645,51331.8042,50713.6693,51257.2608
2026-08-13 13:00:00,1786626000,51266.5716,51286.4075,50769.1822,50777.1230
2026-08-13 14:00:00,1786629600,50761.3130,51986.3147,50718.2275,51973.6563
2026-08-13 15:00:00,1786633200,51961.0602,52522.2951,51893.6619,52413.5063
2026-08-13 16:00:00,1786636800,52417.8519,52417.8519,51864.5258,52077.5938
2026-08-13 17:00:00,1786640400,52088.6240,52382.0303,51904.0978,52229.4366
2026-08-13 18:00:00,1786644000,52249.4909,53096.6795,52209.1514,52645.6815
2026-08-13 19:00:00,1786647600,52644.0757,52654.7247,52197.2475,52398.0693
2026-08-13 20:00:00,1786651200,52404.0539,52404.0539,51952.2667,51952.2667
2026-08-13 21:00:00,1786654800,51933.8456,52011.7471,51459.8482,51758.4145
2026-08-13 22:00:00,1786658400,51752.5414,52015.0591,51427.6937,51848.4448
2026-08-13 23:00:00,1786662000,51834.9758,52270.8571,51823.9291,51904.0932
2026-08-14 00:00:00,1786665600,51932.1554,52156.8773,51642.7408,51797.4955
2026-08-14 01:00:00,1786669200,51783.5995,52199.8335,51361.9674,51361.9674
2026-08-14 02:00:00,1786672800,51367.7074,51448.9910,50475.7095,50550.1994
2026-08-14 03:00:00,1786676400,50546.5349,51201.7564,50426.4606,51073.0766
2026-08-14 04:00:00,1786680000,51077.6557,51637.5696,51069.8173,51433.9722
2026-08-14 05:00:00,1786683600,51411.0339,51469.5006,50917.7955,51393.5232
2026-08-14 06:00:00,1786687200,51391.3596,51812.6415,51354.0861,51456.1127
2026-08-14 07:00:00,1786690800,51444.4044,51444.4044,50727.2431,50825.0113
2026-08-14 08:00:00,1786694400,50818.6394,50884.1811,49973.3609,50131.6578
2026-08-14 09:00:00,1786698000,50119.5636,50164.2218,49726.3417,49867.8467
2026-08-14 10:00:00,1786701600,49863.4618,49936.6568,49490.6210,49656.5032
2026-08-14 11:00:00,1786705200,49665.8450,49773.6435,49388.3572,49635.3113
2026-08-14 12:00:00,1786708800,49635.8501,49822.1692,49325.2351,49405.8044
2026-08-14 13:00:00,1786712400,49389.4070,49937.2527,49319.5226,49791.1963
2026-08-14 14:00:00,1786716000,49793.5091,50035.0841,49419.2074,49518.3958
2026-08-14 15:00:00,1786719600,49512.9466,49698.9450,48862.3988,49022.6190
2026-08-14 16:00:00,1786723200,49021.0391,49097.7307,48498.9125,48556.0535
2026-08-14 17:00:00,1786726800,48554.4324,48569.7263,48120.5960,48353.2974
2026-08-14 18:00:00,1786730400,48346.3353,48346.3353,47475.2148,47827.4883
2026-08-14 19:00:00,1786734000,47830.9789,47954.6380,47512.5066,47666.6678
2026-08-14 20:00:00,1786737600,47676.5835,48039.5823,47591.6574,47699.2589
2026-08-14 21:00:00,1786741200,47693.6336,47769.3888,47165.9265,47489.3158
2026-08-14 22:00:00,1786744800,47495.0634,47645.1955,47184.9208,47460.1711
2026-08-14 23:00:00,1786748400,47459.9977,47582.8428,47081.7968,47334.3580
2026-08-15 00:00:00,1786752000,47349.3854,47431.4822,46998.3627,47397.4196
2026-08-15 01:00:00,1786755600,47414.9717,47585.2616,47254.3972,47523.5266
2026-08-15 02:00:00,1786759200,47519.4025,47568.2947,47023.6157,47088.2878
2026-08-15 03:00:00,1786762800,47086.5118,47549.3433,47077.2410,47169.0302
2026-08-15 04:00:00,1786766400,47178.1999,47474.2326,47084.6502,47316.2304
2026-08-15 05:00:00,1786770000,47321.9434,47845.8353,47265.3096,47349.9200
2026-08-15 06:00:00,1786773600,47354.5957,47595.6772,47085.8000,47435.5652
2026-08-15 07:00:00,1786777200,47427.2951,47755.6065,47169.8442,47424.6263
2026-08-15 08:00:00,1786780800,47426.2334,47741.1620,47192.0551,47227.0674
2026-08-15 09:00:00,1786784400,47218.4948,47703.6325,47150.1980,47535.6043
2026-08-15 10:00:00,1786788000,47526.9810,48415.7593,47471.0954,47905.4236
2026-08-15 11:00:00,1786791600,47898.8997,48336.9600,47849.1329,48086.0193
2026-08-15 12:00:00,1786795200,48077.6885,48575.8085,47950.1723,48372.9452
2026-08-15 13:00:00,1786798800,48400.0609,48924.9335,48360.4596,48798.9395
2026-08-15 14:00:00,1786802400,48798.4237,49215.8366,48508.2678,49024.8149
2026-08-15 15:00:00,1786806000,49026.5229,50008.7864,49026.5229,49781.4561
2026-08-15 16:00:00,1786809600,49775.4906,50256.9304,49526.5745,50238.1450
2026-08-15 17:00:00,1786813200,50224.4275,50385.2323,49900.5515,50198.0209
2026-08-15 18:00:00,1786816800,50197.3851,50339.8468,50006.0852,50201.9824
2026-08-15 19:00:00,1786820400,50212.6878,50489.3089,50075.2090,50213.4895
2026-08-15 20:00:00,1786824000,50218.8069,51017.1328,50166.8255,50566.0235
2026-08-15 21:00:00,1786827600,50562.9489,50884.2614,50139.0304,50478.3797
2026-08-15 22:00:00,1786831200,50469.1501,50507.2625,50059.9042,50365.9672
2026-08-15 23:00:00,1786834800,50379.3378,50526.7026,49670.9046,49799.7557
2026-08-16 00:00:00,1786838400,49807.4687,50152.6500,49647.6619,50062.7360
2026-08-16 01:00:00,1786842000,50075.2105,50153.2312,49537.9434,49594.5743
2026-08-16 02:00:00,1786845600,49587.1181,49795.0762,49356.2360,49683.2659
2026-08-16 03:00:00,1786849200,49682.9295,50541.0325,49544.3492,50530.1032
2026-08-16 04:00:00,1786852800,50519.8390,50832.0025,49865.7616,50090.7176
2026-08-16 05:00:00,1786856400,50089.1371,50306.9019,49717.0466,49775.2962
2026-08-16 06:00:00,1786860000,49769.1315,49827.3783,49393.9374,49653.2568
2026-08-16 07:00:00,1786863600,49663.1179,49735.9143,49093.4631,49111.9599
2026-08-16 08:00:00,1786867200,49120.2780,49150.3372,48692.3805,48874.5980
2026-08-16 09:00:00,1786870800,48879.1489,49323.5386,48704.2461,49022.9564
2026-08-16 10:00:00,1786874400,49030.1535,49050.9144,48371.1192,48722.7626
2026-08-16 11:00:00,1786878000,48724.3792,48915.4480,48466.5782,48911.5044
2026-08-16 12:00:00,1786881600,48919.1263,48922.7982,48391.3962,48557.0165
2026-08-16 13:00:00,1786885200,48544.0656,48640.8426,48178.0738,48459.8008
2026-08-16 14:00:00,1786888800,48465.2699,48830.0263,48182.1122,48715.0794
2026-08-16 15:00:00,1786892400,48710.5158,48710.5158,48173.9720,48179.4157
2026-08-16 16:00:00,1786896000,48180.4147,48242.9358,47797.7543,48051.0646
2026-08-16 17:00:00,1786899600,48047.5957,48047.5957,47686.2366,47866.2993
2026-08-16 18:00:00,1786903200,47866.6482,48514.5850,47648.2963,48462.5162
2026-08-16 19:00:00,1786906800,48465.3187,48670.4287,48229.4299,48585.1593
2026-08-16 20:00:00,1786910400,48578.0069,48725.2284,47913.2124,47936.3481
2026-08-16 21:00:00,1786914000,47933.5871,48197.7845,47609.4424,47952.7254
2026-08-16 22:00:00,1786917600,47946.0576,48027.3257,47221.7026,47725.4809
2026-08-16 23:00:00,1786921200,47723.7778,47871.5734,47418.3734,47733.0087
2026-08-17 00:00:00,1786924800,47715.2598,48024.3950,47573.9007,47954.2030
2026-08-17 01:00:00,1786928400,47962.8382,48068.2679,47571.0957,47933.3060
2026-08-17 02:00:00,1786932000,47932.3812,48284.9219,47759.9237,48162.9424
2026-08-17 03:00:00,1786935600,48168.3613,48297.2867,47830.9755,47931.7250
2026-08-17 04:00:00,1786939200,47928.3148,48025.5120,47559.9181,47736.8161
2026-08-17 05:00:00,1786942800,47729.5299,47729.5299,47242.1362,47364.1413
2026-08-17 06:00:00,1786946400,47372.1412,47378.6549,46610.6474,46805.2408
2026-08-17 07:00:00,1786950000,46799.4492,47466.3944,46597.0313,47419.9636
2026-08-17 08:00:00,1786953600,47418.2555,47603.7558,47236.0126,47359.0789
2026-08-17 09:00:00,1786957200,47355.7311,47498.0102,47028.0024,47378.5839
2026-08-17 10:00:00,1786960800,47381.6835,47726.3537,47336.9596,47537.8725
2026-08-17 11:00:00,1786964400,47539.6493,47689.8506,47000.9881,47003.8515
2026-08-17 12:00:00,1786968000,47017.8872,47123.2030,46804.8216,46951.5787
2026-08-17 13:00:00,1786971600,46942.4255,47450.0498,46803.4975,47279.3270
2026-08-17 14:00:00,1786975200,47285.6824,47997.6201,47268.6593,47991.8135
2026-08-17 15:00:00,1786978800,48004.7574,48286.3602,47907.1882,48223.4992
2026-08-17 16:00:00,1786982400,48219.4852,48530.3388,48029.6976,48067.9576
2026-08-17 17:00:00,1786986000,48060.1985,48768.4465,47954.2755,48582.3277
2026-08-17 18:00:00,1786989600,48586.2091,49470.8974,48296.7419,49470.8974
2026-08-17 19:00:00,1786993200,49477.4617,49972.9131,49141.2199,49170.2432
2026-08-17 20:00:00,1786996800,49179.5542,49179.5542,48774.5835,49081.6327
2026-08-17 21:00:00,1787000400,49072.0749,49097.7087,48245.1021,48393.8522
2026-08-17 22:00:00,1787004000,48389.1375,49477.4034,48374.9701,49338.8205
2026-08-17 23:00:00,1787007600,49345.6519,49565.7764,48988.0803,49322.4384
2026-08-18 00:00:00,1787011200,49318.7331,50226.1036,49295.4133,49609.6957
2026-08-18 01:00:00,1787014800,49599.2911,49976.9574,49575.1041,49853.0506
2026-08-18 02:00:00,1787018400,49852.8406,49876.7782,49309.5528,49392.3932
2026-08-18 03:00:00,1787022000,49395.4498,49413.8413,48531.5612,48545.9248
2026-08-18 04:00:00,1787025600,48558.5476,49162.8381,48532.6112,49142.4485
2026-08-18 05:00:00,1787029200,49145.0933,49438.6111,48819.3123,49000.4172
2026-08-18 06:00:00,1787032800,48992.4597,49035.1461,48180.6704,48488.8644
2026-08-18 07:00:00,1787036400,48477.2686,48543.5249,48054.5641,48190.1728
2026-08-18 08:00:00,1787040000,48198.9999,48233.7483,47685.6611,48001.3837
2026-08-18 09:00:00,1787043600,48000.2132,48023.5295,47337.6789,47641.1057
2026-08-18 10:00:00,1787047200,47634.2898,47712.6258,47225.2040,47547.8842
2026-08-18 11:00:00,1787050800,47544.2294,47924.7152,47470.3627,47622.3222
2026-08-18 12:00:00,1787054400,47628.2934,47675.0565,47104.9007,47324.1762
2026-08-18 13:00:00,1787058000,47314.2628,47395.1822,47037.9107,47165.7599
2026-08-18 14:00:00,1787061600,47146.9775,47377.2779,46923.3990,47328.0880
2026-08-18 15:00:00,1787065200,47335.7865,47390.5816,46276.2534,46364.9537
2026-08-18 16:00:00,1787068800,46370.4664,46722.3685,46107.5576,46352.7381
2026-08-18 17:00:00,1787072400,46352.6030,46823.9514,46344.6261,46627.6340
2026-08-18 18:00:00,1787076000,46620.1187,47533.3162,46551.4426,47513.5028
2026-08-18 19:00:00,1787079600,47516.8392,47566.5919,46640.8474,46874.0872
2026-08-18 20:00:00,1787083200,46880.6680,47788.9733,46761.8009,47697.9244
2026-08-18 21:00:00,1787086800,47694.2856,47906.4256,47471.3366,47651.1076
2026-08-18 22:00:00,1787090400,47649.3426,48077.1127,47599.6337,47884.6322
2026-08-18 23:00:00,1787094000,47895.8121,48277.1852,47817.3743,48197.8423
2026-08-19 00:00:00,1787097600,48187.9671,48248.6096,47748.4457,47939.7782
2026-08-19 01:00:00,1787101200,47943.4640,48560.7033,47903.5976,48087.7449
2026-08-19 02:00:00,1787104800,48094.0418,48729.6589,48052.1856,48442.3041
2026-08-19 03:00:00,1787108400,48451.7175,48724.5488,48240.2421,48543.5864
2026-08-19 04:00:00,1787112000,48535.3443,49397.6227,48535.3443,49371.6316
2026-08-19 05:00:00,1787115600,49373.0722,49452.0919,48997.8573,49167.9734
2026-08-19 06:00:00,1787119200,49172.6358,49224.0654,48451.1332,48491.1995
2026-08-19 07:00:00,1787122800,48507.5712,48991.2946,48388.0821,48960.2380
2026-08-19 08:00:00,1787126400,48959.4563,49295.5760,48770.1363,49266.5229
2026-08-19 09:00:00,1787130000,49270.1307,49532.3438,49110.4168,49318.1018
2026-08-19 10:00:00,1787133600,49310.3407,49319.7236,48685.5739,48733.7468
2026-08-19 11:00:00,1787137200,48721.4553,48860.2593,48397.0691,48570.4404
2026-08-19 12:00:00,1787140800,48584.4166,48650.5400,48013.0039,48520.1330
2026-08-19 13:00:00,1787144400,48530.1529,48751.0225,48182.5386,48215.1046
2026-08-19 14:00:00,1787148000,48219.7923,48589.8191,48207.1511,48581.5499
2026-08-19 15:00:00,1787151600,48585.5825,48685.3801,48052.4570,48052.4570
2026-08-19 16:00:00,1787155200,48043.1952,48288.2846,47887.4606,48231.8483
2026-08-19 17:00:00,1787158800,48251.6488,48596.0523,48029.4792,48421.1825
2026-08-19 18:00:00,1787162400,48404.8262,48560.5198,48191.9645,48229.4360
2026-08-19 19:00:00,1787166000,48219.4056,48401.3460,47983.5697,48191.3045
2026-08-19 20:00:00,1787169600,48199.5592,48583.5503,47957.7726,48030.5508
2026-08-19 21:00:00,1787173200,48027.6209,48257.1801,47452.5566,47817.0149
2026-08-19 22:00:00,1787176800,47810.1172,48172.2005,47768.3395,47849.7918
2026-08-19 23:00:00,1787180400,47840.7786,47976.3121,47389.4105,47542.9862
2026-08-20 00:00:00,1787184000,47544.4618,47739.1022,47339.3345,47600.8127
2026-08-20 01:00:00,1787187600,47595.0145,47931.8296,47479.0291,47524.6391
2026-08-20 02:00:00,1787191200,47539.8829,47884.6627,47311.2927,47324.9392
2026-08-20 03:00:00,1787194800,47314.3373,48194.0444,47147.4382,47925.5447
2026-08-20 04:00:00,1787198400,47928.3811,48053.7034,47642.7100,47896.0602
2026-08-20 05:00:00,1787202000,47917.6070,47924.0244,47338.8786,47452.1481
2026-08-20 06:00:00,1787205600,47457.6946,47652.3082,47094.8177,47632.8240
2026-08-20 07:00:00,1787209200,47630.9971,48253.0898,47577.0652,47813.9655
2026-08-20 08:00:00,1787212800,47814.0488,48559.3741,47766.0966,48107.8764
2026-08-20 09:00:00,1787216400,48123.8521,48500.8548,47982.2728,48117.9019
2026-08-20 10:00:00,1787220000,48107.1204,48425.4395,47838.6575,48091.7890
2026-08-20 11:00:00,1787223600,48096.5775,48551.3470,48049.5355,48550.1007
2026-08-20 12:00:00,1787227200,48533.0115,49139.6071,48405.3399,49060.3680
2026-08-20 13:00:00,1787230800,49047.2386,49164.6143,48777.3890,49128.3161
2026-08-20 14:00:00,1787234400,49128.2472,49283.9560,48779.8363,49228.5035
2026-08-20 15:00:00,1787238000,49229.1489,49232.4212,48818.5838,48999.6600
2026-08-20 16:00:00,1787241600,48998.5724,49517.3688,48622.0502,49498.1406
2026-08-20 17:00:00,1787245200,49489.3537,49569.4650,48739.2884,48834.8930
2026-08-20 18:00:00,1787248800,48829.8475,49276.6961,48650.5276,48756.0270
2026-08-20 19:00:00,1787252400,48769.8024,49307.6937,48650.4162,49246.2345
2026-08-20 20:00:00,1787256000,49240.0650,49708.5777,48898.9186,48973.9752
2026-08-20 21:00:00,1787259600,48978.7620,49670.5928,48933.4992,49667.8059
2026-08-20 22:00:00,1787263200,49676.0453,49897.2069,49416.7369,49855.5012
2026-08-20 23:00:00,1787266800,49840.8210,50488.8988,49793.9107,50389.4248
2026-08-21 00:00:00,1787270400,50407.7668,50427.3339,49651.8966,49685.8252
2026-08-21 01:00:00,1787274000,49706.3494,49955.5537,49369.7285,49688.7805
2026-08-21 02:00:00,1787277600,49689.9783,50422.4703,49687.3103,50224.5150
2026-08-21 03:00:00,1787281200,50241.0899,50336.7421,49699.9873,49835.5971
2026-08-21 04:00:00,1787284800,49844.7298,50042.8786,49510.9213,49841.3795
2026-08-21 05:00:00,1787288400,49834.2191,50070.3034,49631.5466,49887.3978
2026-08-21 06:00:00,1787292000,49898.7466,49906.7694,48997.9591,49048.1016
2026-08-21 07:00:00,1787295600,49037.4496,49162.3856,48076.8564,48076.8564
2026-08-21 08:00:00,1787299200,48074.0862,48143.6704,47497.0678,47589.8225
2026-08-21 09:00:00,1787302800,47579.9340,48135.9177,47504.4352,47961.4140
2026-08-21 10:00:00,1787306400,47965.4311,48143.4899,47675.6758,47677.8342
2026-08-21 11:00:00,1787310000,47690.9412,48105.4684,47612.3639,47849.3270
2026-08-21 12:00:00,1787313600,47857.0190,48417.3070,47685.5548,48391.1267
2026-08-21 13:00:00,1787317200,48388.9743,49009.4135,48273.7022,48709.5823
2026-08-21 14:00:00,1787320800,48711.0172,48763.4671,48104.1051,48190.0499
2026-08-21 15:00:00,1787324400,48185.3924,48354.1265,47941.0454,48104.2662
2026-08-21 16:00:00,1787328000,48110.0660,48257.9884,47630.7706,47828.6944
2026-08-21 17:00:00,1787331600,47814.4839,48293.2078,47789.7983,48227.5551
2026-08-21 18:00:00,1787335200,48239.6749,48360.7364,47837.5150,47914.4109
2026-08-21 19:00:00,1787338800,47916.7626,48034.3347,47223.8788,47424.3014
2026-08-21 20:00:00,1787342400,47408.3326,48121.6387,47190.0422,48098.9533
2026-08-21 21:00:00,1787346000,48100.7964,48776.0799,48023.4339,48705.0222
2026-08-21 22:00:00,1787349600,48722.8903,49141.6342,48658.3165,49036.0173
2026-08-21 23:00:00,1787353200,49028.0952,49111.5461,48675.4613,48690.3371
2026-08-22 00:00:00,1787356800,48706.9377,49128.1161,48492.2916,49128.1161
2026-08-22 01:00:00,1787360400,49125.3397,49501.9365,49121.9143,49228.5947
2026-08-22 02:00:00,1787364000,49229.5010,49253.0130,48705.2398,48851.4680
2026-08-22 03:00:00,1787367600,48851.9928,49329.1471,48816.4773,49246.4100
2026-08-22 04:00:00,1787371200,49240.9890,49427.7247,48801.4247,48923.1761
2026-08-22 05:00:00,1787374800,48904.6829,49754.2209,48883.0868,49426.9464
2026-08-22 06:00:00,1787378400,49440.1653,49842.1022,49267.7544,49552.0318
2026-08-22 07:00:00,1787382000,49551.4223,49980.8856,49404.0154,49601.4791
2026-08-22 08:00:00,1787385600,49602.4808,49706.1810,49035.4560,49154.1247
2026-08-22 09:00:00,1787389200,49167.4737,49220.6646,48086.7578,48155.1255
2026-08-22 10:00:00,1787392800,48156.9057,48437.1490,48047.6217,48298.2175
2026-08-22 11:00:00,1787396400,48287.9710,48719.1740,48287.9710,48620.4246
2026-08-22 12:00:00,1787400000,48601.5588,48733.7654,48238.9570,48648.7857
2026-08-22 13:00:00,1787403600,48666.4355,49118.3782,48583.1707,49019.7190
2026-08-22 14:00:00,1787407200,49013.9013,49291.2123,48794.3757,48892.3066
2026-08-22 15:00:00,1787410800,48889.7368,49041.2556,48647.6351,48849.9595
2026-08-22 16:00:00,1787414400,48854.4789,49300.1177,48627.7522,49267.6834
2026-08-22 17:00:00,1787418000,49278.2824,49627.1758,49071.8028,49479.1315
2026-08-22 18:00:00,1787421600,49461.5941,49774.2915,48893.4620,48904.3207
2026-08-22 19:00:00,1787425200,48907.5509,49067.7813,48432.7564,48482.2855
2026-08-22 20:00:00,1787428800,48484.2095,48628.4171,48159.6298,48319.2810
2026-08-22 21:00:00,1787432400,48311.3742,48897.9662,48121.9289,48548.8866
2026-08-22 22:00:00,1787436000,48553.1340,49137.1823,48495.9984,49127.4238
2026-08-22 23:00:00,1787439600,49133.4534,49324.3363,48897.7703,49226.9753
2026-08-23 00:00:00,1787443200,49229.7215,49799.7079,48930.5638,49690.2086
2026-08-23 01:00:00,1787446800,49694.0780,49872.0797,49446.9308,49798.4381
2026-08-23 02:00:00,1787450400,49788.1775,49839.8742,49080.6827,49159.0720
2026-08-23 03:00:00,1787454000,49152.8654,49273.1075,48708.6091,49022.9482
2026-08-23 04:00:00,1787457600,49021.1005,49922.6185,48797.8433,49817.3638
2026-08-23 05:00:00,1787461200,49794.3631,49957.7042,49565.3060,49749.8948
2026-08-23 06:00:00,1787464800,49747.2916,50019.3411,49069.3589,49516.8937
2026-08-23 07:00:00,1787468400,49534.1964,49793.9906,49346.2490,49739.7389
2026-08-23 08:00:00,1787472000,49744.0696,49862.7038,49259.6820,49442.9351
2026-08-23 09:00:00,1787475600,49441.2124,49987.2174,49396.7118,49968.2690
2026-08-23 10:00:00,1787479200,49963.9065,50133.6894,49634.8717,49822.2237
2026-08-23 11:00:00,1787482800,49812.7962,50419.5583,49710.0190,49827.1709
2026-08-23 12:00:00,1787486400,49840.8223,50064.9396,49389.3641,49703.0660
2026-08-23 13:00:00,1787490000,49697.3622,49705.2009,49184.2997,49490.1338
2026-08-23 14:00:00,1787493600,49492.1653,50552.0592,49454.3043,50280.8129
2026-08-23 15:00:00,1787497200,50288.6118,50585.5985,50070.1065,50432.6977
2026-08-23 16:00:00,1787500800,50430.5816,50841.5476,50333.9760,50603.4398
2026-08-23 17:00:00,1787504400,50603.2332,50687.5252,50328.5063,50435.7700
2026-08-23 18:00:00,1787508000,50434.2751,50597.2791,50044.9626,50339.5216
2026-08-23 19:00:00,1787511600,50354.2424,50473.0520,49553.8851,49593.7781
2026-08-23 20:00:00,1787515200,49591.5191,50176.0817,49484.7563,50108.8747
2026-08-23 21:00:00,1787518800,50103.9119,50168.9204,49470.3643,49473.8013
2026-08-23 22:00:00,1787522400,49464.4092,49785.6199,49356.5702,49603.6716
2026-08-23 23:00:00,1787526000,49621.0006,50207.0204,49530.6196,50000.8204
2026-08-24 00:00:00,1787529600,50003.1623,50308.7256,49863.8557,49919.9430
2026-08-24 01:00:00,1787533200,49924.0698,51376.7876,49895.5321,51164.5440
2026-08-24 02:00:00,1787536800,51169.4032,51576.4439,50990.9684,51226.6713
2026-08-24 03:00:00,1787540400,51226.9972,51697.2532,50940.9935,51097.3992
2026-08-24 04:00:00,1787544000,51098.1415,51455.3722,50797.6130,51250.7141
2026-08-24 05:00:00,1787547600,51244.1934,51703.3614,50970.6868,51566.9165
2026-08-24 06:00:00,1787551200,51569.5039,51777.7444,50705.2963,50833.6996
2026-08-24 07:00:00,1787554800,50822.5234,51562.4448,50819.3866,51560.6788
2026-08-24 08:00:00,1787558400,51564.2741,51704.2537,50943.2193,51484.9972
2026-08-24 09:00:00,1787562000,51491.4051,51600.5755,51256.2627,51288.7786
2026-08-24 10:00:00,1787565600,51288.8263,51915.1517,51084.2351,51803.6061
2026-08-24 11:00:00,1787569200,51787.8089,52544.4340,51750.9013,52008.2521
2026-08-24 12:00:00,1787572800,52015.4488,52480.4317,51850.4422,52339.5241
2026-08-24 13:00:00,1787576400,52332.0039,52559.6555,51912.5306,52072.1227
2026-08-24 14:00:00,1787580000,52078.9927,52255.3137,51777.6290,51944.4088
2026-08-24 15:00:00,1787583600,51942.2664,52044.5122,51675.5973,51859.8924
2026-08-24 16:00:00,1787587200,51862.2169,52170.9634,51688.3960,51865.0903
2026-08-24 17:00:00,1787590800,51862.0655,52522.5769,51567.5087,52401.3780
2026-08-24 18:00:00,1787594400,52389.4518,52652.5988,52090.1968,52308.7678
2026-08-24 19:00:00,1787598000,52304.4895,52520.5653,52028.6777,52028.6777
2026-08-24 20:00:00,1787601600,52038.4619,52146.5552,51447.3529,51673.9718
2026-08-24 21:00:00,1787605200,51683.2891,51886.4502,51478.7253,51562.7829
2026-08-24 22:00:00,1787608800,51565.5535,51928.5365,51499.4072,51730.1836
2026-08-24 23:00:00,1787612400,51727.0126,51996.6397,50819.1809,51138.7797
2026-08-25 00:00:00,1787616000,51139.2035,51298.5236,50582.3878,50793.2460
2026-08-25 01:00:00,1787619600,50796.4744,50888.6054,50375.2275,50463.5884
2026-08-25 02:00:00,1787623200,50480.4694,50490.4722,49799.2258,50102.5299
2026-08-25 03:00:00,1787626800,50102.6372,50211.1327,49760.5842,49954.4563
2026-08-25 04:00:00,1787630400,49958.5362,50227.1944,49536.2270,49683.5282
2026-08-25 05:00:00,1787634000,49690.7583,49829.1215,49185.7515,49287.5690
2026-08-25 06:00:00,1787637600,49281.2435,49587.2041,48910.9984,49526.4018
2026-08-25 07:00:00,1787641200,49539.1034,49651.2430,49047.2927,49452.7924
2026-08-25 08:00:00,1787644800,49444.6656,49527.0414,48874.7676,49121.6479
2026-08-25 09:00:00,1787648400,49134.2168,49362.7467,48745.5968,48775.3616
2026-08-25 10:00:00,1787652000,48767.8657,48877.4471,48493.3936,48695.9289
2026-08-25 11:00:00,1787655600,48696.9935,49121.0944,48405.9103,48972.9971
2026-08-25 12:00:00,1787659200,48967.4888,49083.6091,48716.7256,48988.9927
2026-08-25 13:00:00,1787662800,48971.4347,49353.3024,48689.1599,48856.5891
2026-08-25 14:00:00,1787666400,48859.8483,49033.3683,48637.9113,48747.3678
2026-08-25 15:00:00,1787670000,48754.1631,48777.8643,48289.1513,48602.5908
2026-08-25 16:00:00,1787673600,48604.4945,49147.1794,48490.9891,49034.8784
2026-08-25 17:00:00,1787677200,49037.5495,49104.7553,48600.1422,48611.3502
2026-08-25 18:00:00,1787680800,48623.4032,49034.7713,48361.2942,48939.8587
2026-08-25 19:00:00,1787684400,48928.6608,48954.8925,47949.3978,48166.1400
2026-08-25 20:00:00,1787688000,48157.9793,48482.5176,47640.3931,47691.1420
2026-08-25 21:00:00,1787691600,47688.7867,47942.3139,47590.2225,47825.9598
2026-08-25 22:00:00,1787695200,47812.2981,48291.5575,47803.6048,47900.1509
2026-08-25 23:00:00,1787698800,47909.2602,48227.0183,47630.7016,47739.5662
2026-08-26 00:00:00,1787702400,47730.1777,48368.7479,47595.7069,48131.1948
2026-08-26 01:00:00,1787706000,48112.3715,48511.3880,48061.6567,48304.7164
2026-08-26 02:00:00,1787709600,48299.2885,49226.4707,48264.0467,48907.7634
2026-08-26 03:00:00,1787713200,48904.8503,49405.7213,48899.1099,49285.9647
2026-08-26 04:00:00,1787716800,49289.7093,49396.7512,48709.3772,48771.3105
2026-08-26 05:00:00,1787720400,48769.8191,49328.4430,48400.3681,49243.6983
2026-08-26 06:00:00,1787724000,49245.6662,49315.6214,48589.6383,48640.5980
2026-08-26 07:00:00,1787727600,48630.0844,48862.7212,48376.5195,48594.8721
2026-08-26 08:00:00,1787731200,48602.2819,49272.0425,48545.6908,49103.3995
2026-08-26 09:00:00,1787734800,49112.8731,49675.1866,48959.0125,49225.6667
2026-08-26 10:00:00,1787738400,49218.1053,49593.1826,48819.4576,49553.2666
2026-08-26 11:00:00,1787742000,49550.4603,49567.8633,49184.9256,49338.6669
2026-08-26 12:00:00,1787745600,49338.4324,49341.3628,48794.0615,49204.0026
2026-08-26 13:00:00,1787749200,49207.5151,49435.7299,48944.1471,49227.4852
2026-08-26 14:00:00,1787752800,49221.0937,49952.1905,49065.7566,49856.8251
2026-08-26 15:00:00,1787756400,49851.3092,50470.4542,49690.7081,50384.0274
2026-08-26 16:00:00,1787760000,50379.1774,50745.5498,50120.1998,50167.8793
2026-08-26 17:00:00,1787763600,50183.0373,50574.2401,50045.1533,50366.3535
2026-08-26 18:00:00,1787767200,50371.2324,50615.6414,50000.7492,50064.0450
2026-08-26 19:00:00,1787770800,50072.4515,50081.8988,49662.5302,49838.5858
2026-08-26 20:00:00,1787774400,49840.5204,49982.4204,49420.5265,49735.0041
2026-08-26 21:00:00,1787778000,49734.7379,50079.2813,49620.5219,49622.4644
2026-08-26 22:00:00,1787781600,49631.4112,50034.2213,49460.6258,49971.9909
2026-08-26 23:00:00,1787785200,49985.2091,50175.3134,49741.3635,49913.0588
2026-08-27 00:00:00,1787788800,49916.8798,50150.7586,49316.7654,49682.1792
2026-08-27 01:00:00,1787792400,49679.3255,50010.5573,49582.5940,49648.3576
2026-08-27 02:00:00,1787796000,49645.5689,49952.4816,49462.1682,49931.0643
2026-08-27 03:00:00,1787799600,49944.4176,50792.5003,49857.6038,50792.5003
2026-08-27 04:00:00,1787803200,50781.3004,51301.3891,50620.9459,51225.6965
2026-08-27 05:00:00,1787806800,51233.3881,51959.7541,51168.9622,51901.4875
2026-08-27 06:00:00,1787810400,51915.9340,51949.2142,51230.4059,51293.2934
2026-08-27 07:00:00,1787814000,51299.6543,51670.8006,51195.8134,51483.5578
2026-08-27 08:00:00,1787817600,51465.2171,51562.8753,50928.7365,51508.7121
2026-08-27 09:00:00,1787821200,51521.0670,51558.1470,50995.9502,51017.5179
2026-08-27 10:00:00,1787824800,51002.9594,51767.3656,50962.3653,51690.9831
2026-08-27 11:00:00,1787828400,51687.8706,51711.2931,50941.9994,51028.1017
2026-08-27 12:00:00,1787832000,51028.6521,51103.0594,50520.5126,50723.2178
2026-08-27 13:00:00,1787835600,50725.9648,51080.8864,50586.6767,50849.6703
2026-08-27 14:00:00,1787839200,50861.7665,51266.8685,50759.6660,51069.9955
2026-08-27 15:00:00,1787842800,51047.3451,51352.9724,50975.3482,51037.1215
2026-08-27 16:00:00,1787846400,51041.1314,51756.0135,50905.7256,51648.2662
2026-08-27 17:00:00,1787850000,51645.0024,51919.4790,51409.2318,51845.6209
2026-08-27 18:00:00,1787853600,51847.1567,52857.4378,51807.5373,52551.9353
2026-08-27 19:00:00,1787857200,52553.1868,52648.0585,52103.7771,52122.7980
2026-08-27 20:00:00,1787860800,52125.7696,52528.9055,52029.9179,52352.1171
2026-08-27 21:00:00,1787864400,52368.8293,53045.0896,52203.0368,52980.4824
2026-08-27 22:00:00,1787868000,52984.7954,53072.4333,52421.0301,52548.7625
2026-08-27 23:00:00,1787871600,52547.5255,52858.3282,52274.1720,52397.0737
2026-08-28 00:00:00,1787875200,52400.9381,53149.9303,52240.6615,53076.5524
2026-08-28 01:00:00,1787878800,53072.0925,53076.6846,52288.9057,52464.6147
2026-08-28 02:00:00,1787882400,52456.4008,52590.6476,51878.7402,51988.3872
2026-08-28 03:00:00,1787886000,51991.8700,52100.8853,51716.3682,52004.2036
2026-08-28 04:00:00,1787889600,52004.0083,52077.5602,51289.2489,51385.7393
2026-08-28 05:00:00,1787893200,51403.6820,51736.6580,51294.5190,51619.1000
2026-08-28 06:00:00,1787896800,51605.3617,51854.4125,51359.2269,51386.5043
2026-08-28 07:00:00,1787900400,51383.3480,51634.6383,50949.5596,51179.6538
2026-08-28 08:00:00,1787904000,51180.6337,51180.6337,49799.1591,49800.1166
2026-08-28 09:00:00,1787907600,49810.0549,50480.5672,49734.8292,50437.5631
2026-08-28 10:00:00,1787911200,50446.3567,50887.4259,50175.6227,50630.5015
2026-08-28 11:00:00,1787914800,50624.5999,51154.5530,50525.7457,50983.0938
2026-08-28 12:00:00,1787918400,50973.6379,52081.3472,50965.2498,52020.0203
2026-08-28 13:00:00,1787922000,52033.2842,52308.7513,51754.7731,51860.9553
2026-08-28 14:00:00,1787925600,51863.8074,52703.4145,51823.1087,52578.3023
2026-08-28 15:00:00,1787929200,52570.7109,52613.3789,52147.1829,52579.2098
2026-08-28 16:00:00,1787932800,52582.1341,53217.2589,52487.0254,52543.7545
2026-08-28 17:00:00,1787936400,52544.7169,53244.3344,52406.5742,52919.8516
2026-08-28 18:00:00,1787940000,52922.3580,53563.0418,52736.8743,53297.8123
2026-08-28 19:00:00,1787943600,53305.3629,53568.4879,52424.4527,52463.1554
2026-08-28 20:00:00,1787947200,52455.5424,52455.5424,51958.3931,52427.3121
2026-08-28 21:00:00,1787950800,52429.6942,52517.3232,52133.7433,52319.1286
2026-08-28 22:00:00,1787954400,52315.6256,52936.3399,52069.3311,52551.1832
2026-08-28 23:00:00,1787958000,52539.9305,52694.0596,51981.9020,52414.9722
2026-08-29 00:00:00,1787961600,52416.2097,52457.9717,51861.2298,52116.1684
2026-08-29 01:00:00,1787965200,52125.7939,52191.2353,51124.6716,51747.4701
2026-08-29 02:00:00,1787968800,51751.0923,52039.1653,51649.7773,51980.5374
2026-08-29 03:00:00,1787972400,51985.4497,52051.0148,51623.6363,52022.6675
2026-08-29 04:00:00,1787976000,52008.0671,52074.7761,51513.2639,51785.7167
2026-08-29 05:00:00,1787979600,51778.3799,52172.3413,51764.3082,51987.9829
2026-08-29 06:00:00,1787983200,51987.3962,53038.9772,51959.7811,53026.1525
2026-08-29 07:00:00,1787986800,53048.1276,53115.1302,52397.5800,53014.4032
2026-08-29 08:00:00,1787990400,53003.5804,53630.6551,52971.4041,53288.2441
2026-08-29 09:00:00,1787994000,53268.8377,53522.0382,52893.2508,53310.3331
2026-08-29 10:00:00,1787997600,53298.7125,53404.2584,53019.0484,53181.5639
2026-08-29 11:00:00,1788001200,53175.7156,53606.6026,52918.2031,53243.8656
2026-08-29 12:00:00,1788004800,53230.8913,53852.0732,52981.6660,53756.6081
2026-08-29 13:00:00,1788008400,53755.2755,53762.5170,52929.8234,52957.8315
2026-08-29 14:00:00,1788012000,52950.6298,52954.9509,52205.2872,52343.1717
2026-08-29 15:00:00,1788015600,52341.5362,52422.2224,51800.9222,51862.9013
2026-08-29 16:00:00,1788019200,51868.8265,51878.2904,51222.4080,51460.9331
2026-08-29 17:00:00,1788022800,51462.9004,51532.3511,50552.0400,50712.7037
2026-08-29 18:00:00,1788026400,50716.2191,51162.8511,50638.9478,50929.2609
2026-08-29 19:00:00,1788030000,50925.5377,51314.2393,50890.7735,51034.9951
2026-08-29 20:00:00,1788033600,51058.4903,51316.9359,50784.2939,51259.9804
2026-08-29 21:00:00,1788037200,51263.3692,51318.2596,50709.1134,50864.9363
2026-08-29 22:00:00,1788040800,50887.2306,51623.4483,50808.0272,50889.8266
2026-08-29 23:00:00,1788044400,50889.6940,51320.9353,50702.5706,51138.9361
2026-08-30 00:00:00,1788048000,51128.9351,51495.6772,50877.4536,51282.7808
2026-08-30 01:00:00,1788051600,51272.2518,51426.7375,50760.5284,50845.5945
2026-08-30 02:00:00,1788055200,50846.8130,50865.3137,50362.6089,50519.2207
2026-08-30 03:00:00,1788058800,50537.3852,50568.5743,50057.1646,50096.2940
2026-08-30 04:00:00,1788062400,50104.4110,50137.1876,49265.8988,49536.2832
2026-08-30 05:00:00,1788066000,49542.3901,49835.6381,49234.3559,49835.6381
2026-08-30 06:00:00,1788069600,49838.6030,49943.2914,49127.4334,49199.2829
2026-08-30 07:00:00,1788073200,49189.8827,49794.8284,49029.9519,49651.5202
2026-08-30 08:00:00,1788076800,49663.5043,49738.4732,49081.9345,49234.9845
2026-08-30 09:00:00,1788080400,49240.4389,49252.4118,48610.4688,48840.0695
2026-08-30 10:00:00,1788084000,48844.9816,49743.2250,48604.0663,49636.4646
2026-08-30 11:00:00,1788087600,49638.3784,49828.6785,49431.1964,49619.7231
2026-08-30 12:00:00,1788091200,49618.6211,49911.4244,49423.0198,49423.0198
2026-08-30 13:00:00,1788094800,49411.3033,49597.8077,48994.9406,49125.5228
2026-08-30 14:00:00,1788098400,49125.0334,49308.1610,48864.7701,48954.2151
2026-08-30 15:00:00,1788102000,48959.9013,49029.3394,48513.5307,48618.8534
2026-08-30 16:00:00,1788105600,48613.6337,49429.7547,48586.7166,49380.1961
2026-08-30 17:00:00,1788109200,49370.9794,49481.8321,49047.0592,49172.0288
2026-08-30 18:00:00,1788112800,49179.6978,49201.8981,48789.3180,49081.8294
2026-08-30 19:00:00,1788116400,49087.9817,49323.3830,48946.3841,49192.8524
2026-08-30 20:00:00,1788120000,49182.8800,49345.6125,48989.5942,49232.1066
2026-08-30 21:00:00,1788123600,49241.6085,49658.1622,48847.0949,49056.8445
2026-08-30 22:00:00,1788127200,49060.0130,49825.7462,48935.2978,49814.5661
2026-08-30 23:00:00,1788130800,49808.3596,50348.9954,49776.2714,50280.7029
2026-08-31 00:00:00,1788134400,50281.7556,50374.2332,50048.0371,50268.9186
2026-08-31 01:00:00,1788138000,50270.0332,50576.3732,49995.8296,50012.1722
2026-08-31 02:00:00,1788141600,50004.5523,50719.7536,49763.0227,50615.8087
2026-08-31 03:00:00,1788145200,50595.0712,50943.2101,50212.0530,50821.9340
2026-08-31 04:00:00,1788148800,50817.1368,51400.6062,50734.3253,51079.9934
2026-08-31 05:00:00,1788152400,51074.5710,51259.7569,50600.6412,50903.5441
2026-08-31 06:00:00,1788156000,50904.7934,50979.2817,50043.9457,50196.8550
2026-08-31 07:00:00,1788159600,50184.8580,50621.3347,50012.3509,50027.6493
2026-08-31 08:00:00,1788163200,50039.8920,50213.4155,49633.5587,49920.5683
2026-08-31 09:00:00,1788166800,49916.8685,50188.3732,49674.2993,49730.7016
2026-08-31 10:00:00,1788170400,49734.5980,49734.5980,49068.6552,49284.4647
2026-08-31 11:00:00,1788174000,49274.7161,49397.6052,49037.8986,49363.0390
2026-08-31 12:00:00,1788177600,49365.1257,49458.6801,49026.0941,49229.6428
2026-08-31 13:00:00,1788181200,49216.7532,49292.8863,48781.3715,49103.0119
2026-08-31 14:00:00,1788184800,49090.2141,49193.4440,48594.0123,49059.9877
2026-08-31 15:00:00,1788188400,49046.2033,49122.0886,48657.6052,48947.8385
2026-08-31 16:00:00,1788192000,48954.6978,49129.4913,48657.9021,49129.4913
2026-08-31 17:00:00,1788195600,49148.8255,49904.5907,49094.5929,49899.2703
2026-08-31 18:00:00,1788199200,49894.1677,50038.7564,49340.2752,49562.9644
2026-08-31 19:00:00,1788202800,49587.7676,49966.0895,49225.4670,49940.1016
2026-08-31 20:00:00,1788206400,49934.9105,49953.4250,49321.8705,49455.5503
2026-08-31 21:00:00,1788210000,49443.8997,49934.5371,49428.5815,49667.2897
2026-08-31 22:00:00,1788213600,49660.5595,49681.4502,48959.6679,49134.1309
2026-08-31 23:00:00,1788217200,49128.4033,49242.3877,48624.3688,48979.5567
2026-09-01 00:00:00,1788220800,48985.8699,49416.4159,48936.2493,49286.7572
2026-09-01 01:00:00,1788224400,49291.4486,49988.2884,49291.4486,49867.7765
2026-09-01 02:00:00,1788228000,49873.5911,49928.8622,49375.0010,49896.9504
2026-09-01 03:00:00,1788231600,49885.7084,50290.6491,49641.4185,49690.8327
2026-09-01 04:00:00,1788235200,49689.1348,49865.7173,49228.5786,49421.4090
2026-09-01 05:00:00,1788238800,49423.3825,49852.0668,49228.3218,49796.9493
2026-09-01 06:00:00,1788242400,49805.9773,50254.7768,49719.3498,50006.5098
2026-09-01 07:00:00,1788246000,50002.0956,50410.3984,49934.0265,50188.4308
2026-09-01 08:00:00,1788249600,50175.3094,50712.3060,49907.8510,50624.3478
2026-09-01 09:00:00,1788253200,50610.9752,50727.3533,50176.7235,50300.0343
2026-09-01 10:00:00,1788256800,50299.9588,50615.1186,50077.4032,50501.9054
2026-09-01 11:00:00,1788260400,50489.3125,50644.0411,49914.4516,49965.9203
2026-09-01 12:00:00,1788264000,49949.2376,50026.4574,49670.2909,49690.2155
2026-09-01 13:00:00,1788267600,49692.6376,49737.9846,49099.4325,49405.8053
2026-09-01 14:00:00,1788271200,49397.7257,49449.8145,48663.1391,49119.3335
2026-09-01 15:00:00,1788274800,49125.1328,49695.8617,48874.5673,49619.6082
2026-09-01 16:00:00,1788278400,49614.6462,50230.4525,49580.9933,50144.5135
2026-09-01 17:00:00,1788282000,50138.8753,50909.9132,50012.9539,50823.5948
2026-09-01 18:00:00,1788285600,50823.1091,51759.0599,50726.9937,51693.8761
2026-09-01 19:00:00,1788289200,51700.2253,52359.2150,51680.3610,52107.6718
2026-09-01 20:00:00,1788292800,52105.5613,52622.0942,51973.6159,52106.6936
2026-09-01 21:00:00,1788296400,52099.5326,52208.8448,51839.2730,52056.6040
2026-09-01 22:00:00,1788300000,52078.2593,52644.4485,52037.4962,52558.5919
2026-09-01 23:00:00,1788303600,52554.1259,52997.6867,52459.7160,52805.0866
2026-09-02 00:00:00,1788307200,52810.1685,53384.9756,52594.7772,53318.9716
2026-09-02 01:00:00,1788310800,53312.7775,53352.3949,52782.9275,53052.9697
2026-09-02 02:00:00,1788314400,53055.3742,53194.3552,52636.6009,52754.5872
2026-09-02 03:00:00,1788318000,52763.1250,53136.8570,52130.8825,52221.1788
2026-09-02 04:00:00,1788321600,52212.7744,52373.6889,51720.7168,52055.2204
2026-09-02 05:00:00,1788325200,52042.9222,52424.5419,51654.5750,51772.4112
2026-09-02 06:00:00,1788328800,51763.8686,51824.2843,51146.2238,51333.4943
2026-09-02 07:00:00,1788332400,51345.3882,51802.8479,51225.7586,51325.5016
2026-09-02 08:00:00,1788336000,51315.0944,51852.3722,51273.7867,51440.1866
2026-09-02 09:00:00,1788339600,51455.9623,51943.0518,51309.4875,51854.2632
2026-09-02 10:00:00,1788343200,51846.0843,51927.4285,51146.8845,51301.9486
2026-09-02 11:00:00,1788346800,51297.3132,51398.6439,50880.4725,50890.5132
2026-09-02 12:00:00,1788350400,50881.3760,51194.7811,50729.2774,51017.0919
2026-09-02 13:00:00,1788354000,51012.9057,51561.3245,50982.7225,51448.7724
2026-09-02 14:00:00,1788357600,51459.4679,51806.9840,51250.2149,51773.1921
2026-09-02 15:00:00,1788361200,51773.1973,51773.1973,51037.3129,51636.4208
2026-09-02 16:00:00,1788364800,51639.3701,51847.0438,51175.4066,51520.2583
2026-09-02 17:00:00,1788368400,51519.3159,51745.7261,50950.2995,50983.9917
2026-09-02 18:00:00,1788372000,50972.9244,51386.2785,50886.8694,51240.1417
2026-09-02 19:00:00,1788375600,51248.4981,51611.8032,50990.6721,51036.1225
2026-09-02 20:00:00,1788379200,51061.5605,51462.3818,50860.7913,51454.2570
2026-09-02 21:00:00,1788382800,51442.8934,51493.5879,50353.3282,50505.6729
2026-09-02 22:00:00,1788386400,50511.5288,50952.3061,50225.3830,50924.4135
2026-09-02 23:00:00,1788390000,50910.7106,51604.1302,50835.9974,51509.1647
2026-09-03 00:00:00,1788393600,51511.8755,51752.5707,51323.8823,51515.5558
2026-09-03 01:00:00,1788397200,51497.0955,51506.2625,50955.8429,50962.4180
2026-09-03 02:00:00,1788400800,50960.3415,51038.8281,50473.9389,50477.8277
2026-09-03 03:00:00,1788404400,50489.4733,50567.9988,49575.8455,49744.8323
2026-09-03 04:00:00,1788408000,49726.4564,49786.6142,49384.7297,49535.7571
2026-09-03 05:00:00,1788411600,49526.5124,49536.6242,48731.0365,49254.9055
2026-09-03 06:00:00,1788415200,49253.6720,49261.4077,48730.9386,49020.4369
2026-09-03 07:00:00,1788418800,49017.0233,49152.3959,48504.2048,48640.0201
2026-09-03 08:00:00,1788422400,48636.3033,49067.8365,48567.2852,48772.6141
2026-09-03 09:00:00,1788426000,48784.5882,49065.6985,48663.0503,48844.3414
2026-09-03 10:00:00,1788429600,48856.6525,48938.7536,48354.9865,48624.1344
2026-09-03 11:00:00,1788433200,48617.5793,48760.3418,48356.6072,48688.1833
2026-09-03 12:00:00,1788436800,48682.1165,48847.3978,48430.0436,48542.0676
2026-09-03 13:00:00,1788440400,48548.4206,49053.5460,48464.9544,48996.0928
2026-09-03 14:00:00,1788444000,48987.5291,49419.7637,48974.4787,49139.8021
2026-09-03 15:00:00,1788447600,49134.4397,50024.3344,49112.7190,49680.3348
2026-09-03 16:00:00,1788451200,49689.1008,49894.0309,49199.5663,49443.5809
2026-09-03 17:00:00,1788454800,49459.2763,49951.3917,49444.3218,49927.3554
2026-09-03 18:00:00,1788458400,49932.0946,50219.6882,49762.6908,49972.0171
2026-09-03 19:00:00,1788462000,49969.0910,50129.7057,49378.8022,49492.3910
2026-09-03 20:00:00,1788465600,49500.4008,49500.4008,48693.4715,48803.9529
2026-09-03 21:00:00,1788469200,48810.4609,49017.2909,48339.4718,48512.3115
2026-09-03 22:00:00,1788472800,48526.3023,48995.3929,48427.2883,48532.6959
2026-09-03 23:00:00,1788476400,48529.0586,49026.0057,48510.3806,48565.4428
2026-09-04 00:00:00,1788480000,48570.9663,48570.9663,48570.9663,48570.9663